[
  {
    "ID": 0,
    "Name": "Bare Hands"
  },
  {
    "ID": 1,
    "Name": "Bare Hands"
  },
  {
    "ID": 2,
    "Name": "White Gloves"
  },
  {
    "ID": 3,
    "Name": "Leather Gloves"
  },
  {
    "ID": 4,
    "Name": "Dumb Gloves"
  },
  {
    "ID": 5,
    "Name": "Safe Gloves"
  },
  {
    "ID": 6,
    "Name": "Action Gloves"
  },
  {
    "ID": 7,
    "Name": "Full Action Gloves"
  },
  {
    "ID": 8,
    "Name": "Gray Gloves"
  },
  {
    "ID": 9,
    "Name": "Hill Gray Gloves"
  },
  {
    "ID": 10,
    "Name": "Gloves of Iguje"
  },
  {
    "ID": 11,
    "Name": "Islamic Gloves"
  },
  {
    "ID": 12,
    "Name": "Venetian Gloves"
  },
  {
    "ID": 13,
    "Name": "Luxurious Venetian Gloves"
  },
  {
    "ID": 14,
    "Name": "Junior Gloves"
  },
  {
    "ID": 15,
    "Name": "Senior Gloves"
  },
  {
    "ID": 16,
    "Name": "Redfield Green Gloves"
  },
  {
    "ID": 17,
    "Name": "Redfield Black Gloves"
  },
  {
    "ID": 31,
    "Name": "Soldier Gloves"
  },
  {
    "ID": 32,
    "Name": "Iron Gauntlets"
  },
  {
    "ID": 33,
    "Name": "Trunket Gloves"
  },
  {
    "ID": 34,
    "Name": "Chrome Gauntlets"
  },
  {
    "ID": 35,
    "Name": "Mighty Gauntlets"
  },
  {
    "ID": 36,
    "Name": "Kurash Gauntlets"
  },
  {
    "ID": 37,
    "Name": "Plate Gauntlets"
  },
  {
    "ID": 38,
    "Name": "Durable Gloves"
  },
  {
    "ID": 39,
    "Name": "Cedric Gloves"
  },
  {
    "ID": 40,
    "Name": "Execution Gloves"
  },
  {
    "ID": 41,
    "Name": "Abyss Plate Gauntlets"
  },
  {
    "ID": 42,
    "Name": "Righteous Plate Gauntlets"
  },
  {
    "ID": 43,
    "Name": "Jabberwock Gauntlets"
  },
  {
    "ID": 44,
    "Name": "Obsidian Plate Gauntlets"
  },
  {
    "ID": 45,
    "Name": "Aurum Plate Gauntlets"
  },
  {
    "ID": 46,
    "Name": "Legionnaire Guantlets"
  },
  {
    "ID": 47,
    "Name": "Royal Guardian Gauntlets"
  },
  {
    "ID": 49,
    "Name": "Crackerjack Gloves"
  },
  {
    "ID": 50,
    "Name": "Stalwart Gloves"
  },
  {
    "ID": 51,
    "Name": "Enigmatic Gloves"
  },
  {
    "ID": 52,
    "Name": "Swift-heart Gloves"
  },
  {
    "ID": 53,
    "Name": "Enterprising Gloves"
  },
  {
    "ID": 61,
    "Name": "Spiritual Gloves"
  },
  {
    "ID": 62,
    "Name": "Green Gloves of Witch"
  },
  {
    "ID": 63,
    "Name": "Purple Gloves of Witch"
  },
  {
    "ID": 64,
    "Name": "Violet Gloves"
  },
  {
    "ID": 65,
    "Name": "Gloves of Shadow"
  },
  {
    "ID": 66,
    "Name": "Velvet Gloves of Witch"
  },
  {
    "ID": 67,
    "Name": "Heaven's Gloves"
  },
  {
    "ID": 68,
    "Name": "Fairy Gloves"
  },
  {
    "ID": 69,
    "Name": "Joker Gloves"
  },
  {
    "ID": 70,
    "Name": "Mystic Weaver Gloves"
  },
  {
    "ID": 71,
    "Name": "Serenity Gloves"
  },
  {
    "ID": 72,
    "Name": "Archmage Gloves"
  },
  {
    "ID": 73,
    "Name": "Dimple Gloves"
  },
  {
    "ID": 74,
    "Name": "Royal Sage Gloves"
  },
  {
    "ID": 75,
    "Name": "Orlean Gloves"
  },
  {
    "ID": 76,
    "Name": "Spitfire Wraps"
  },
  {
    "ID": 77,
    "Name": "Sun Prophet Gloves"
  },
  {
    "ID": 91,
    "Name": "Hunter Gloves"
  },
  {
    "ID": 92,
    "Name": "Criker Gloves"
  },
  {
    "ID": 93,
    "Name": "Ranger Gloves"
  },
  {
    "ID": 94,
    "Name": "Black Pirate Gloves"
  },
  {
    "ID": 95,
    "Name": "Mariner's Gloves"
  },
  {
    "ID": 96,
    "Name": "Jaguar Gloves"
  },
  {
    "ID": 97,
    "Name": "Wild Hawker Gloves"
  },
  {
    "ID": 98,
    "Name": "Pirate Gloves"
  },
  {
    "ID": 99,
    "Name": "Silent Walker Gloves"
  },
  {
    "ID": 100,
    "Name": "Triggerman Gloves"
  },
  {
    "ID": 101,
    "Name": "Captain Hawker Gloves"
  },
  {
    "ID": 102,
    "Name": "Netherworld Gloves"
  },
  {
    "ID": 103,
    "Name": "Steel Resolve Gloves"
  },
  {
    "ID": 104,
    "Name": "Shadow Fall Wraps"
  },
  {
    "ID": 105,
    "Name": "Raptor Gloves"
  },
  {
    "ID": 106,
    "Name": "Spinosaur Gloves"
  },
  {
    "ID": 107,
    "Name": "Jackal Bandit Gloves"
  },
  {
    "ID": 121,
    "Name": "Brown Gloves"
  },
  {
    "ID": 122,
    "Name": "Vibe Gloves"
  },
  {
    "ID": 123,
    "Name": "Tamiya Gloves"
  },
  {
    "ID": 124,
    "Name": "Semiya Gloves"
  },
  {
    "ID": 125,
    "Name": "Merchant Gloves"
  },
  {
    "ID": 126,
    "Name": "Rich Merchant Gloves"
  },
  {
    "ID": 127,
    "Name": "Redfield Chairman Gloves"
  },
  {
    "ID": 128,
    "Name": "Fisher Gloves"
  },
  {
    "ID": 129,
    "Name": "Bomber Gloves"
  },
  {
    "ID": 130,
    "Name": "Cart Racer Gloves"
  },
  {
    "ID": 131,
    "Name": "Bourgeois Gloves"
  },
  {
    "ID": 132,
    "Name": "Noble Lord Gloves"
  },
  {
    "ID": 133,
    "Name": "Mana Steam Gloves"
  },
  {
    "ID": 134,
    "Name": "Mana Fusion Gloves"
  },
  {
    "ID": 135,
    "Name": "Mercenary Gloves"
  },
  {
    "ID": 136,
    "Name": "Assailant Gloves"
  },
  {
    "ID": 137,
    "Name": "Serpent Trader Gloves"
  },
  {
    "ID": 150,
    "Name": "GM Santa Hands"
  },
  {
    "ID": 151,
    "Name": "GM Suit"
  },
  {
    "ID": 152,
    "Name": "Santa Gloves"
  },
  {
    "ID": 153,
    "Name": "Adventurer's Gloves"
  },
  {
    "ID": 164,
    "Name": "White Santa Gloves"
  },
  {
    "ID": 165,
    "Name": "Pink Santa Gloves"
  },
  {
    "ID": 169,
    "Name": "Snowboard Gloves"
  },
  {
    "ID": 170,
    "Name": "Fairy Gift Gloves"
  },
  {
    "ID": 171,
    "Name": "Fairy Bless Gloves"
  },
  {
    "ID": 172,
    "Name": "Clan War School Gloves"
  },
  {
    "ID": 173,
    "Name": "Rudolph Gloves"
  },
  {
    "ID": 174,
    "Name": "Black Santa Gloves"
  },
  {
    "ID": 175,
    "Name": "Leprechaun Gloves"
  },
  {
    "ID": 180,
    "Name": "Blue Santa Glove"
  },
  {
    "ID": 181,
    "Name": "Navy Blue Magic School Glove"
  },
  {
    "ID": 182,
    "Name": "New Abyss Plate Gauntlets"
  },
  {
    "ID": 183,
    "Name": "New Serenity Gloves"
  },
  {
    "ID": 184,
    "Name": "New Captain Gauntlets"
  },
  {
    "ID": 185,
    "Name": "New Bourgeois Gloves"
  },
  {
    "ID": 186,
    "Name": "White Magic School Gloves"
  },
  {
    "ID": 187,
    "Name": "Servant's Gloves"
  },
  {
    "ID": 188,
    "Name": "Boxing Gloves"
  },
  {
    "ID": 189,
    "Name": "Jolly Santa Gloves"
  },
  {
    "ID": 190,
    "Name": "Santa's Helper Gloves"
  },
  {
    "ID": 193,
    "Name": "Santa Look Gloves"
  },
  {
    "ID": 194,
    "Name": "Christmas Cheer Gloves"
  },
  {
    "ID": 201,
    "Name": "Grand Safe Gloves"
  },
  {
    "ID": 202,
    "Name": "Golden Action Gloves"
  },
  {
    "ID": 203,
    "Name": "Dark Action Gloves"
  },
  {
    "ID": 204,
    "Name": "Demon Full Action Gloves"
  },
  {
    "ID": 205,
    "Name": "Elven Full Action Gloves"
  },
  {
    "ID": 206,
    "Name": "Grand Full Action Gloves"
  },
  {
    "ID": 207,
    "Name": "Golden Gray Gloves"
  },
  {
    "ID": 208,
    "Name": "Demon Gray Gloves"
  },
  {
    "ID": 209,
    "Name": "Elven Gray Gloves"
  },
  {
    "ID": 210,
    "Name": "Grand Hill Gray Gloves"
  },
  {
    "ID": 211,
    "Name": "Golden Hill Gray Gloves"
  },
  {
    "ID": 212,
    "Name": "Demon Hill Gray Gloves"
  },
  {
    "ID": 213,
    "Name": "Elven Gloves of Iguje"
  },
  {
    "ID": 214,
    "Name": "Grand Gloves of Iguje"
  },
  {
    "ID": 215,
    "Name": "Golden Gloves of Iguje"
  },
  {
    "ID": 216,
    "Name": "Dark Islamic Gloves"
  },
  {
    "ID": 217,
    "Name": "Demon Islamic Gloves"
  },
  {
    "ID": 218,
    "Name": "Saint Islamic Gloves"
  },
  {
    "ID": 219,
    "Name": "Golden Venetian Gloves"
  },
  {
    "ID": 220,
    "Name": "Demon Venetian Gloves"
  },
  {
    "ID": 221,
    "Name": "Grand Venetian Gloves"
  },
  {
    "ID": 222,
    "Name": "Grand Luxurious Venetian Gloves"
  },
  {
    "ID": 223,
    "Name": "Golden Luxurious Venetian Gloves"
  },
  {
    "ID": 224,
    "Name": "Dark Luxurious Venetian Gloves"
  },
  {
    "ID": 225,
    "Name": "Grand Junior Gloves"
  },
  {
    "ID": 226,
    "Name": "Golden Junior Gloves"
  },
  {
    "ID": 227,
    "Name": "Dark Junior Gloves"
  },
  {
    "ID": 228,
    "Name": "Grand Senior Gloves"
  },
  {
    "ID": 229,
    "Name": "Golden Senior Gloves"
  },
  {
    "ID": 230,
    "Name": "Dark Senior Gloves"
  },
  {
    "ID": 231,
    "Name": "Demon Senior Gloves"
  },
  {
    "ID": 232,
    "Name": "Grand Redfield Green Gloves"
  },
  {
    "ID": 233,
    "Name": "Golden Redfield Green Gloves"
  },
  {
    "ID": 234,
    "Name": "Dark Redfield Green Gloves"
  },
  {
    "ID": 235,
    "Name": "Demon Redfield Green Gloves"
  },
  {
    "ID": 236,
    "Name": "Grand Redfield Black Gloves"
  },
  {
    "ID": 237,
    "Name": "Elven Redfield Black Gloves"
  },
  {
    "ID": 238,
    "Name": "Dark Redfield Black Gloves"
  },
  {
    "ID": 239,
    "Name": "Demon Redfield Black Gloves"
  },
  {
    "ID": 301,
    "Name": "Elven Soldier Gloves"
  },
  {
    "ID": 302,
    "Name": "Grand Soldier Gloves"
  },
  {
    "ID": 303,
    "Name": "Golden Soldier Gloves"
  },
  {
    "ID": 304,
    "Name": "Dark Soldier Gloves"
  },
  {
    "ID": 305,
    "Name": "Demon Soldier Gloves"
  },
  {
    "ID": 306,
    "Name": "Legend Soldier Gloves"
  },
  {
    "ID": 307,
    "Name": "Elven Iron Gauntlets"
  },
  {
    "ID": 308,
    "Name": "Grand Iron Gauntlets"
  },
  {
    "ID": 309,
    "Name": "Golden Iron Gauntlets"
  },
  {
    "ID": 310,
    "Name": "Dark Iron Gauntlets"
  },
  {
    "ID": 311,
    "Name": "Demon Iron Gauntlets"
  },
  {
    "ID": 312,
    "Name": "Legend Iron Gauntlets"
  },
  {
    "ID": 313,
    "Name": "Saint Iron Gauntlets"
  },
  {
    "ID": 314,
    "Name": "Elven Trunket Gloves"
  },
  {
    "ID": 315,
    "Name": "Grand Trunket Gloves"
  },
  {
    "ID": 316,
    "Name": "Golden Trunket Gloves"
  },
  {
    "ID": 317,
    "Name": "Dark Trunket Gloves"
  },
  {
    "ID": 318,
    "Name": "Demon Trunket Gloves"
  },
  {
    "ID": 319,
    "Name": "Legend Trunket Gloves"
  },
  {
    "ID": 320,
    "Name": "Saint Trunket Gloves"
  },
  {
    "ID": 321,
    "Name": "Elven Chrome Gauntlets"
  },
  {
    "ID": 322,
    "Name": "Grand Chrome Gauntlets"
  },
  {
    "ID": 323,
    "Name": "Golden Chrome Gauntlets"
  },
  {
    "ID": 324,
    "Name": "Dark Chrome Gauntlets"
  },
  {
    "ID": 325,
    "Name": "Demon Chrome Gauntlets"
  },
  {
    "ID": 326,
    "Name": "Legend Chrome Gauntlets"
  },
  {
    "ID": 327,
    "Name": "Saint Chrome Gauntlets"
  },
  {
    "ID": 328,
    "Name": "Elven Mighty Gauntlets"
  },
  {
    "ID": 329,
    "Name": "Grand Mighty Gauntlets"
  },
  {
    "ID": 330,
    "Name": "Golden Mighty Gauntlets"
  },
  {
    "ID": 331,
    "Name": "Dark Mighty Gauntlets"
  },
  {
    "ID": 332,
    "Name": "Demon Mighty Gauntlets"
  },
  {
    "ID": 333,
    "Name": "Legend Mighty Gauntlets"
  },
  {
    "ID": 334,
    "Name": "Saint Mighty Gauntlets"
  },
  {
    "ID": 335,
    "Name": "Elven Kurash Gauntlets"
  },
  {
    "ID": 336,
    "Name": "Grand Kurash Gauntlets"
  },
  {
    "ID": 337,
    "Name": "Golden Kurash Gauntlets"
  },
  {
    "ID": 338,
    "Name": "Dark Kurash Gauntlets"
  },
  {
    "ID": 339,
    "Name": "Demon Kurash Gauntlets"
  },
  {
    "ID": 340,
    "Name": "Legend Kurash Gauntlets"
  },
  {
    "ID": 341,
    "Name": "Saint Kurash Gauntlets"
  },
  {
    "ID": 342,
    "Name": "Elven Plate Gauntlets"
  },
  {
    "ID": 343,
    "Name": "Grand Plate Gauntlets"
  },
  {
    "ID": 344,
    "Name": "Golden Plate Gauntlets"
  },
  {
    "ID": 345,
    "Name": "Dark Plate Gauntlets"
  },
  {
    "ID": 346,
    "Name": "Demon Plate Gauntlets"
  },
  {
    "ID": 347,
    "Name": "Legend Plate Gauntlets"
  },
  {
    "ID": 348,
    "Name": "Saint Plate Gauntlets"
  },
  {
    "ID": 349,
    "Name": "Durable Gloves"
  },
  {
    "ID": 350,
    "Name": "Durable Gloves"
  },
  {
    "ID": 351,
    "Name": "Durable Gloves"
  },
  {
    "ID": 352,
    "Name": "Golden Durable Gloves"
  },
  {
    "ID": 353,
    "Name": "Elven Durable Gloves"
  },
  {
    "ID": 354,
    "Name": "Saint Durable Gloves"
  },
  {
    "ID": 355,
    "Name": "Legend Durable Gloves"
  },
  {
    "ID": 356,
    "Name": "Cedric Gloves"
  },
  {
    "ID": 357,
    "Name": "Cedric Gloves"
  },
  {
    "ID": 358,
    "Name": "Cedric Gloves"
  },
  {
    "ID": 359,
    "Name": "Golden Cedric Gloves"
  },
  {
    "ID": 360,
    "Name": "Elven Cedric Gloves"
  },
  {
    "ID": 361,
    "Name": "Saint Cedric Gloves"
  },
  {
    "ID": 362,
    "Name": "Legend Cedric Gloves"
  },
  {
    "ID": 363,
    "Name": "Execution Gloves"
  },
  {
    "ID": 364,
    "Name": "Execution Gloves"
  },
  {
    "ID": 365,
    "Name": "Execution Gloves"
  },
  {
    "ID": 366,
    "Name": "Golden Execution Gloves"
  },
  {
    "ID": 367,
    "Name": "Elven Execution Gloves"
  },
  {
    "ID": 368,
    "Name": "Saint Execution Gloves"
  },
  {
    "ID": 369,
    "Name": "Saint Execution Gloves"
  },
  {
    "ID": 370,
    "Name": "Abyss Plate Gauntlets"
  },
  {
    "ID": 371,
    "Name": "Abyss Plate Gauntlets"
  },
  {
    "ID": 372,
    "Name": "Abyss Plate Gauntlets"
  },
  {
    "ID": 373,
    "Name": "Golden Abyss Plate Gauntlets"
  },
  {
    "ID": 374,
    "Name": "Elven Abyss Plate Gauntlets"
  },
  {
    "ID": 375,
    "Name": "Saint Abyss Plate Gauntlets"
  },
  {
    "ID": 376,
    "Name": "Saint Abyss Plate Gauntlets"
  },
  {
    "ID": 377,
    "Name": "Righteous Plate Gauntlets"
  },
  {
    "ID": 378,
    "Name": "Saint Righteous Plate Gauntlets"
  },
  {
    "ID": 379,
    "Name": "Righteous Plate Gauntlets"
  },
  {
    "ID": 380,
    "Name": "Dark Jabberwock Gauntlets"
  },
  {
    "ID": 381,
    "Name": "Grand Jabberwock Gauntlets"
  },
  {
    "ID": 382,
    "Name": "Demon Obsidian Plate Gauntlets"
  },
  {
    "ID": 383,
    "Name": "Dark Obsidian Plate Gauntlets"
  },
  {
    "ID": 384,
    "Name": "Grand Obsidian Plate Gauntlets"
  },
  {
    "ID": 385,
    "Name": "Golden Obsidian Plate Gauntlets"
  },
  {
    "ID": 386,
    "Name": "Elven Obsidian Plate Gauntlets"
  },
  {
    "ID": 387,
    "Name": "Demon Aurum Plate Gauntlets"
  },
  {
    "ID": 388,
    "Name": "Dark Aurum Plate Gauntlets"
  },
  {
    "ID": 389,
    "Name": "Grand Aurum Plate Gauntlets"
  },
  {
    "ID": 390,
    "Name": "Golden Aurum Plate Gauntlets"
  },
  {
    "ID": 391,
    "Name": "Elven Aurum Plate Gauntlets"
  },
  {
    "ID": 401,
    "Name": "Elven Spiritual Gloves"
  },
  {
    "ID": 402,
    "Name": "Grand Spiritual Gloves"
  },
  {
    "ID": 403,
    "Name": "Golden Spiritual Gloves"
  },
  {
    "ID": 404,
    "Name": "Dark Spiritual Gloves"
  },
  {
    "ID": 405,
    "Name": "Demon Spiritual Gloves"
  },
  {
    "ID": 406,
    "Name": "Legend Spiritual Gloves"
  },
  {
    "ID": 407,
    "Name": "Elven Green Gloves of Witch"
  },
  {
    "ID": 408,
    "Name": "Grand Green Gloves of Witch"
  },
  {
    "ID": 409,
    "Name": "Golden Green Gloves of Witch"
  },
  {
    "ID": 410,
    "Name": "Dark Green Gloves of Witch"
  },
  {
    "ID": 411,
    "Name": "Demon Green Gloves of Witch"
  },
  {
    "ID": 412,
    "Name": "Legend Green Gloves of Witch"
  },
  {
    "ID": 413,
    "Name": "Saint Green Gloves of Witch"
  },
  {
    "ID": 414,
    "Name": "Elven Purple Gloves of Witch"
  },
  {
    "ID": 415,
    "Name": "Grand Purple Gloves of Witch"
  },
  {
    "ID": 416,
    "Name": "Golden Purple Gloves of Witch"
  },
  {
    "ID": 417,
    "Name": "Dark Purple Gloves of Witch"
  },
  {
    "ID": 418,
    "Name": "Demon Purple Gloves of Witch"
  },
  {
    "ID": 419,
    "Name": "Legend Purple Gloves of Witch"
  },
  {
    "ID": 420,
    "Name": "Saint Purple Gloves of Witch"
  },
  {
    "ID": 421,
    "Name": "Elven Violet Gloves"
  },
  {
    "ID": 422,
    "Name": "Grand Violet Gloves"
  },
  {
    "ID": 423,
    "Name": "Golden Violet Gloves"
  },
  {
    "ID": 424,
    "Name": "Dark Violet Gloves"
  },
  {
    "ID": 425,
    "Name": "Demon Violet Gloves"
  },
  {
    "ID": 426,
    "Name": "Legend Violet Gloves"
  },
  {
    "ID": 427,
    "Name": "Saint Violet Gloves"
  },
  {
    "ID": 428,
    "Name": "Elven Gloves of Shadow"
  },
  {
    "ID": 429,
    "Name": "Grand Gloves of Shadow"
  },
  {
    "ID": 430,
    "Name": "Golden Gloves of Shadow"
  },
  {
    "ID": 431,
    "Name": "Dark Gloves of Shadow"
  },
  {
    "ID": 432,
    "Name": "Demon Gloves of Shadow"
  },
  {
    "ID": 433,
    "Name": "Legend Gloves of Shadow"
  },
  {
    "ID": 434,
    "Name": "Saint Gloves of Shadow"
  },
  {
    "ID": 435,
    "Name": "Elven Velvet Gloves of Witch"
  },
  {
    "ID": 436,
    "Name": "Grand Velvet Gloves of Witch"
  },
  {
    "ID": 437,
    "Name": "Golden Velvet Gloves of Witch"
  },
  {
    "ID": 438,
    "Name": "Dark Velvet Gloves of Witch"
  },
  {
    "ID": 439,
    "Name": "Demon Velvet Gloves of Witch"
  },
  {
    "ID": 440,
    "Name": "Legend Velvet Gloves of Witch"
  },
  {
    "ID": 441,
    "Name": "Saint Velvet Gloves of Witch"
  },
  {
    "ID": 442,
    "Name": "Elven Heaven's Gloves"
  },
  {
    "ID": 443,
    "Name": "Grand Heaven's Gloves"
  },
  {
    "ID": 444,
    "Name": "Golden Heaven's Gloves"
  },
  {
    "ID": 445,
    "Name": "Dark Heaven's Gloves"
  },
  {
    "ID": 446,
    "Name": "Demon Heaven's Gloves"
  },
  {
    "ID": 447,
    "Name": "Legend Heaven's Gloves"
  },
  {
    "ID": 448,
    "Name": "Saint Heaven's Gloves"
  },
  {
    "ID": 449,
    "Name": "Fairy Gloves"
  },
  {
    "ID": 450,
    "Name": "Fairy Gloves"
  },
  {
    "ID": 451,
    "Name": "Fairy Gloves"
  },
  {
    "ID": 452,
    "Name": "Golden Fairy Gloves"
  },
  {
    "ID": 453,
    "Name": "Elven Fairy Gloves"
  },
  {
    "ID": 454,
    "Name": "Saint Fairy Gloves"
  },
  {
    "ID": 455,
    "Name": "Legend Fairy Gloves"
  },
  {
    "ID": 456,
    "Name": "Joker Gloves"
  },
  {
    "ID": 457,
    "Name": "Joker Gloves"
  },
  {
    "ID": 458,
    "Name": "Joker Gloves"
  },
  {
    "ID": 459,
    "Name": "Golden Joker Gloves"
  },
  {
    "ID": 460,
    "Name": "Elven Joker Gloves"
  },
  {
    "ID": 461,
    "Name": "Saint Joker Gloves"
  },
  {
    "ID": 462,
    "Name": "Legend Joker Gloves"
  },
  {
    "ID": 463,
    "Name": "Mystic Weaver Gloves"
  },
  {
    "ID": 464,
    "Name": "Mystic Weaver Gloves"
  },
  {
    "ID": 465,
    "Name": "Mystic Weaver Gloves"
  },
  {
    "ID": 466,
    "Name": "Golden Mystic Weaver Gloves"
  },
  {
    "ID": 467,
    "Name": "Elven Mystic Weaver Gloves"
  },
  {
    "ID": 468,
    "Name": "Saint Mystic Weaver Gloves"
  },
  {
    "ID": 469,
    "Name": "Saint Mystic Weaver Gloves"
  },
  {
    "ID": 470,
    "Name": "Serenity Gloves"
  },
  {
    "ID": 471,
    "Name": "Serenity Gloves"
  },
  {
    "ID": 472,
    "Name": "Serenity Gloves"
  },
  {
    "ID": 473,
    "Name": "Golden Serenity Gloves"
  },
  {
    "ID": 474,
    "Name": "Elven Serenity Gloves"
  },
  {
    "ID": 475,
    "Name": "Saint Serenity Gloves"
  },
  {
    "ID": 476,
    "Name": "Saint Serenity Gloves"
  },
  {
    "ID": 477,
    "Name": "Archmage Gloves"
  },
  {
    "ID": 478,
    "Name": "Saint Archmage Gloves"
  },
  {
    "ID": 479,
    "Name": "Archmage Gloves"
  },
  {
    "ID": 480,
    "Name": "Elven Dimple Gloves"
  },
  {
    "ID": 481,
    "Name": "Golden Dimple Gloves"
  },
  {
    "ID": 482,
    "Name": "Demon Royal Sage Gloves"
  },
  {
    "ID": 483,
    "Name": "Dark Royal Sage Gloves"
  },
  {
    "ID": 484,
    "Name": "Grand Royal Sage Gloves"
  },
  {
    "ID": 485,
    "Name": "Golden Royal Sage Gloves"
  },
  {
    "ID": 486,
    "Name": "Elven Royal Sage Gloves"
  },
  {
    "ID": 487,
    "Name": "Demon Orlean Gloves"
  },
  {
    "ID": 488,
    "Name": "Dark Orlean Gloves"
  },
  {
    "ID": 489,
    "Name": "Grand Orlean Gloves"
  },
  {
    "ID": 490,
    "Name": "Golden Orlean Gloves"
  },
  {
    "ID": 491,
    "Name": "Elven Orlean Gloves"
  },
  {
    "ID": 501,
    "Name": "Elven Hunter Gloves"
  },
  {
    "ID": 502,
    "Name": "Grand Hunter Gloves"
  },
  {
    "ID": 503,
    "Name": "Golden Hunter Gloves"
  },
  {
    "ID": 504,
    "Name": "Dark Hunter Gloves"
  },
  {
    "ID": 505,
    "Name": "Demon Hunter Gloves"
  },
  {
    "ID": 506,
    "Name": "Legend Hunter Gloves"
  },
  {
    "ID": 507,
    "Name": "Elven Criker Gloves"
  },
  {
    "ID": 508,
    "Name": "Grand Criker Gloves"
  },
  {
    "ID": 509,
    "Name": "Golden Criker Gloves"
  },
  {
    "ID": 510,
    "Name": "Dark Criker Gloves"
  },
  {
    "ID": 511,
    "Name": "Demon Criker Gloves"
  },
  {
    "ID": 512,
    "Name": "Legend Criker Gloves"
  },
  {
    "ID": 513,
    "Name": "Saint Criker Gloves"
  },
  {
    "ID": 514,
    "Name": "Elven Ranger Gloves"
  },
  {
    "ID": 515,
    "Name": "Grand Ranger Gloves"
  },
  {
    "ID": 516,
    "Name": "Golden Ranger Gloves"
  },
  {
    "ID": 517,
    "Name": "Dark Ranger Gloves"
  },
  {
    "ID": 518,
    "Name": "Demon Ranger Gloves"
  },
  {
    "ID": 519,
    "Name": "Legend Ranger Gloves"
  },
  {
    "ID": 520,
    "Name": "Saint Ranger Gloves"
  },
  {
    "ID": 521,
    "Name": "Elven Black Pirate Gloves"
  },
  {
    "ID": 522,
    "Name": "Grand Black Pirate Gloves"
  },
  {
    "ID": 523,
    "Name": "Golden Black Pirate Gloves"
  },
  {
    "ID": 524,
    "Name": "Dark Black Pirate Gloves"
  },
  {
    "ID": 525,
    "Name": "Demon Black Pirate Gloves"
  },
  {
    "ID": 526,
    "Name": "Legend Black Pirate Gloves"
  },
  {
    "ID": 527,
    "Name": "Saint Black Pirate Gloves"
  },
  {
    "ID": 528,
    "Name": "Elven Mariner's Gloves"
  },
  {
    "ID": 529,
    "Name": "Grand Mariner's Gloves"
  },
  {
    "ID": 530,
    "Name": "Golden Mariner's Gloves"
  },
  {
    "ID": 531,
    "Name": "Dark Mariner's Gloves"
  },
  {
    "ID": 532,
    "Name": "Demon Mariner's Gloves"
  },
  {
    "ID": 533,
    "Name": "Legend Mariner's Gloves"
  },
  {
    "ID": 534,
    "Name": "Saint Mariner's Gloves"
  },
  {
    "ID": 535,
    "Name": "Elven Jaguar Gloves"
  },
  {
    "ID": 536,
    "Name": "Grand Jaguar Gloves"
  },
  {
    "ID": 537,
    "Name": "Golden Jaguar Gloves"
  },
  {
    "ID": 538,
    "Name": "Dark Jaguar Gloves"
  },
  {
    "ID": 539,
    "Name": "Demon Jaguar Gloves"
  },
  {
    "ID": 540,
    "Name": "Legend Jaguar Gloves"
  },
  {
    "ID": 541,
    "Name": "Saint Jaguar Gloves"
  },
  {
    "ID": 542,
    "Name": "Elven Wild Hawker Gloves"
  },
  {
    "ID": 543,
    "Name": "Grand Wild Hawker Gloves"
  },
  {
    "ID": 544,
    "Name": "Golden Wild Hawker Gloves"
  },
  {
    "ID": 545,
    "Name": "Dark Wild Hawker Gloves"
  },
  {
    "ID": 546,
    "Name": "Demon Wild Hawker Gloves"
  },
  {
    "ID": 547,
    "Name": "Legend Wild Hawker Gloves"
  },
  {
    "ID": 548,
    "Name": "Saint Wild Hawker Gloves"
  },
  {
    "ID": 549,
    "Name": "Pirate Gloves"
  },
  {
    "ID": 550,
    "Name": "Pirate Gloves"
  },
  {
    "ID": 551,
    "Name": "Pirate Gloves"
  },
  {
    "ID": 552,
    "Name": "Golden Pirate Gloves"
  },
  {
    "ID": 553,
    "Name": "Elven Pirate Gloves"
  },
  {
    "ID": 554,
    "Name": "Saint Pirate Gloves"
  },
  {
    "ID": 555,
    "Name": "Legend Pirate Gloves"
  },
  {
    "ID": 556,
    "Name": "Silent Walker Gloves"
  },
  {
    "ID": 557,
    "Name": "Silent Walker Gloves"
  },
  {
    "ID": 558,
    "Name": "Silent Walker Gloves"
  },
  {
    "ID": 559,
    "Name": "Golden Silent Walker Gloves"
  },
  {
    "ID": 560,
    "Name": "Elven Silent Walker Gloves"
  },
  {
    "ID": 561,
    "Name": "Saint Silent Walker Gloves"
  },
  {
    "ID": 562,
    "Name": "Legend Silent Walker Gloves"
  },
  {
    "ID": 563,
    "Name": "Triggerman Gloves"
  },
  {
    "ID": 564,
    "Name": "Triggerman Gloves"
  },
  {
    "ID": 565,
    "Name": "Triggerman Gloves"
  },
  {
    "ID": 566,
    "Name": "Golden Triggerman Gloves"
  },
  {
    "ID": 567,
    "Name": "Elven Triggerman Gloves"
  },
  {
    "ID": 568,
    "Name": "Saint Triggerman Gloves"
  },
  {
    "ID": 569,
    "Name": "Saint Triggerman Gloves"
  },
  {
    "ID": 570,
    "Name": "Captain Hawker Gloves"
  },
  {
    "ID": 571,
    "Name": "Captain Hawker Gloves"
  },
  {
    "ID": 572,
    "Name": "Captain Hawker Gloves"
  },
  {
    "ID": 573,
    "Name": "Golden Captain Hawker Gloves"
  },
  {
    "ID": 574,
    "Name": "Elven Captain Hawker Gloves"
  },
  {
    "ID": 575,
    "Name": "Saint Captain Hawker Gloves"
  },
  {
    "ID": 576,
    "Name": "Saint Captain Hawker Gloves"
  },
  {
    "ID": 577,
    "Name": "Netherworld Gloves"
  },
  {
    "ID": 578,
    "Name": "Saint Netherworld Gloves"
  },
  {
    "ID": 579,
    "Name": "Netherworld Gloves"
  },
  {
    "ID": 580,
    "Name": "Saint Steel Resolve Gloves"
  },
  {
    "ID": 581,
    "Name": "Legend Steel Resolve Gloves"
  },
  {
    "ID": 582,
    "Name": "Demon Shadow Fall Wraps"
  },
  {
    "ID": 583,
    "Name": "Dark Shadow Fall Wraps"
  },
  {
    "ID": 584,
    "Name": "Grand Shadow Fall Wraps"
  },
  {
    "ID": 585,
    "Name": "Golden Shadow Fall Wraps"
  },
  {
    "ID": 586,
    "Name": "Elven Shadow Fall Wraps"
  },
  {
    "ID": 587,
    "Name": "Demon Raptor Gloves"
  },
  {
    "ID": 588,
    "Name": "Dark Raptor Gloves"
  },
  {
    "ID": 589,
    "Name": "Grand Raptor Gloves"
  },
  {
    "ID": 590,
    "Name": "Golden Raptor Gloves"
  },
  {
    "ID": 591,
    "Name": "Elven Raptor Gloves"
  },
  {
    "ID": 601,
    "Name": "Elven Brown Gloves"
  },
  {
    "ID": 602,
    "Name": "Grand Brown Gloves"
  },
  {
    "ID": 603,
    "Name": "Golden Brown Gloves"
  },
  {
    "ID": 604,
    "Name": "Dark Brown Gloves"
  },
  {
    "ID": 605,
    "Name": "Demon Brown Gloves"
  },
  {
    "ID": 606,
    "Name": "Legend Brown Gloves"
  },
  {
    "ID": 607,
    "Name": "Elven Vibe Gloves"
  },
  {
    "ID": 608,
    "Name": "Grand Vibe Gloves"
  },
  {
    "ID": 609,
    "Name": "Golden Vibe Gloves"
  },
  {
    "ID": 610,
    "Name": "Dark Vibe Gloves"
  },
  {
    "ID": 611,
    "Name": "Demon Vibe Gloves"
  },
  {
    "ID": 612,
    "Name": "Legend Vibe Gloves"
  },
  {
    "ID": 613,
    "Name": "Saint Vibe Gloves"
  },
  {
    "ID": 614,
    "Name": "Elven Tamiya Gloves"
  },
  {
    "ID": 615,
    "Name": "Grand Tamiya Gloves"
  },
  {
    "ID": 616,
    "Name": "Golden Tamiya Gloves"
  },
  {
    "ID": 617,
    "Name": "Dark Tamiya Gloves"
  },
  {
    "ID": 618,
    "Name": "Demon Tamiya Gloves"
  },
  {
    "ID": 619,
    "Name": "Legend Tamiya Gloves"
  },
  {
    "ID": 620,
    "Name": "Saint Tamiya Gloves"
  },
  {
    "ID": 621,
    "Name": "Elven Semiya Gloves"
  },
  {
    "ID": 622,
    "Name": "Grand Semiya Gloves"
  },
  {
    "ID": 623,
    "Name": "Golden Semiya Gloves"
  },
  {
    "ID": 624,
    "Name": "Dark Semiya Gloves"
  },
  {
    "ID": 625,
    "Name": "Demon Semiya Gloves"
  },
  {
    "ID": 626,
    "Name": "Legend Semiya Gloves"
  },
  {
    "ID": 627,
    "Name": "Saint Semiya Gloves"
  },
  {
    "ID": 628,
    "Name": "Elven Merchant Gloves"
  },
  {
    "ID": 629,
    "Name": "Grand Merchant Gloves"
  },
  {
    "ID": 630,
    "Name": "Golden Merchant Gloves"
  },
  {
    "ID": 631,
    "Name": "Dark Merchant Gloves"
  },
  {
    "ID": 632,
    "Name": "Demon Merchant Gloves"
  },
  {
    "ID": 633,
    "Name": "Legend Merchant Gloves"
  },
  {
    "ID": 634,
    "Name": "Saint Merchant Gloves"
  },
  {
    "ID": 635,
    "Name": "Elven Rich Merchant Gloves"
  },
  {
    "ID": 636,
    "Name": "Grand Rich Merchant Gloves"
  },
  {
    "ID": 637,
    "Name": "Golden Rich Merchant Gloves"
  },
  {
    "ID": 638,
    "Name": "Dark Rich Merchant Gloves"
  },
  {
    "ID": 639,
    "Name": "Demon Rich Merchant Gloves"
  },
  {
    "ID": 640,
    "Name": "Legend Rich Merchant Gloves"
  },
  {
    "ID": 641,
    "Name": "Saint Rich Merchant Gloves"
  },
  {
    "ID": 642,
    "Name": "Elven Redfield Chairman Gloves"
  },
  {
    "ID": 643,
    "Name": "Grand Redfield Chairman Gloves"
  },
  {
    "ID": 644,
    "Name": "Golden Redfield Chairman Gloves"
  },
  {
    "ID": 645,
    "Name": "Dark Redfield Chairman Gloves"
  },
  {
    "ID": 646,
    "Name": "Demon Redfield Chairman Gloves"
  },
  {
    "ID": 647,
    "Name": "Legend Redfield Chairman Gloves"
  },
  {
    "ID": 648,
    "Name": "Saint Redfield Chairman Gloves"
  },
  {
    "ID": 649,
    "Name": "Fisher Gloves"
  },
  {
    "ID": 650,
    "Name": "Fisher Gloves"
  },
  {
    "ID": 651,
    "Name": "Fisher Gloves"
  },
  {
    "ID": 652,
    "Name": "Golden Fisher Gloves"
  },
  {
    "ID": 653,
    "Name": "Elven Fisher Gloves"
  },
  {
    "ID": 654,
    "Name": "Saint Fisher Gloves"
  },
  {
    "ID": 655,
    "Name": "Legend Fisher Gloves"
  },
  {
    "ID": 656,
    "Name": "Bomber Gloves"
  },
  {
    "ID": 657,
    "Name": "Bomber Gloves"
  },
  {
    "ID": 658,
    "Name": "Bomber Gloves"
  },
  {
    "ID": 659,
    "Name": "Golden Bomber Gloves"
  },
  {
    "ID": 660,
    "Name": "Elven Bomber Gloves"
  },
  {
    "ID": 661,
    "Name": "Saint Bomber Gloves"
  },
  {
    "ID": 662,
    "Name": "Legend Bomber Gloves"
  },
  {
    "ID": 663,
    "Name": "Cart Racer Gloves"
  },
  {
    "ID": 664,
    "Name": "Cart Racer Gloves"
  },
  {
    "ID": 665,
    "Name": "Cart Racer Gloves"
  },
  {
    "ID": 666,
    "Name": "Golden Cart Racer Gloves"
  },
  {
    "ID": 667,
    "Name": "Elven Cart Racer Gloves"
  },
  {
    "ID": 668,
    "Name": "Saint Cart Racer Gloves"
  },
  {
    "ID": 669,
    "Name": "Saint Cart Racer Gloves"
  },
  {
    "ID": 670,
    "Name": "Bourgeois Gloves"
  },
  {
    "ID": 671,
    "Name": "Bourgeois Gloves"
  },
  {
    "ID": 672,
    "Name": "Bourgeois Gloves"
  },
  {
    "ID": 673,
    "Name": "Golden Bourgeois Gloves"
  },
  {
    "ID": 674,
    "Name": "Elven Bourgeois Gloves"
  },
  {
    "ID": 675,
    "Name": "Saint Bourgeois Gloves"
  },
  {
    "ID": 676,
    "Name": "Saint Bourgeois Gloves"
  },
  {
    "ID": 677,
    "Name": "Noble Lord Gloves"
  },
  {
    "ID": 678,
    "Name": "Saint Noble Lord Gloves"
  },
  {
    "ID": 679,
    "Name": "Noble Lord Gloves"
  },
  {
    "ID": 680,
    "Name": "Saint Mana Steam Gloves"
  },
  {
    "ID": 681,
    "Name": "Legend Mana Steam Gloves"
  },
  {
    "ID": 682,
    "Name": "Demon Mana Fusion Gloves"
  },
  {
    "ID": 683,
    "Name": "Dark Mana Fusion Gloves"
  },
  {
    "ID": 684,
    "Name": "Grand Mana Fusion Gloves"
  },
  {
    "ID": 685,
    "Name": "Golden Mana Fusion Gloves"
  },
  {
    "ID": 686,
    "Name": "Elven Mana Fusion Gloves"
  },
  {
    "ID": 687,
    "Name": "Demon Mercenary Gloves"
  },
  {
    "ID": 688,
    "Name": "Dark Mercenary Gloves"
  },
  {
    "ID": 689,
    "Name": "Grand Mercenary Gloves"
  },
  {
    "ID": 690,
    "Name": "Golden Mercenary Gloves"
  },
  {
    "ID": 691,
    "Name": "Elven Mercenary Gloves"
  },
  {
    "ID": 718,
    "Name": "Legendary Soldier Gloves"
  },
  {
    "ID": 719,
    "Name": "Legendary Iron Gauntlets"
  },
  {
    "ID": 720,
    "Name": "Legendary Trunket Gloves"
  },
  {
    "ID": 721,
    "Name": "Legendary Chrome Gauntlets"
  },
  {
    "ID": 722,
    "Name": "Legendary Mighty Gauntlets"
  },
  {
    "ID": 723,
    "Name": "Legendary Kurash Gauntlets"
  },
  {
    "ID": 724,
    "Name": "Legendary Plate Gauntlets"
  },
  {
    "ID": 725,
    "Name": "Legendary Execution Gloves"
  },
  {
    "ID": 726,
    "Name": "Legendary Abyss Plate Gauntlets"
  },
  {
    "ID": 727,
    "Name": "Legendary Righteous Plate Gauntlets"
  },
  {
    "ID": 728,
    "Name": "Legendary Jabberwock Gauntlets"
  },
  {
    "ID": 729,
    "Name": "Legendary Obsidian Plate Gauntlets"
  },
  {
    "ID": 730,
    "Name": "Legendary Aurum Plate Gauntlets"
  },
  {
    "ID": 731,
    "Name": "Legendary Spiritual Gloves"
  },
  {
    "ID": 732,
    "Name": "Legendary Green Gloves of Witch"
  },
  {
    "ID": 733,
    "Name": "Legendary Purple Gloves of Witch"
  },
  {
    "ID": 734,
    "Name": "Legendary Violet Gloves"
  },
  {
    "ID": 735,
    "Name": "Legendary Gloves of Shadow"
  },
  {
    "ID": 736,
    "Name": "Legendary Velvet Gloves of Witch"
  },
  {
    "ID": 737,
    "Name": "Legendary Heaven's Gloves"
  },
  {
    "ID": 738,
    "Name": "Legendary Mystic Weaver Gloves"
  },
  {
    "ID": 739,
    "Name": "Legendary Serenity Gloves"
  },
  {
    "ID": 740,
    "Name": "Legendary Archmage Gloves"
  },
  {
    "ID": 741,
    "Name": "Legendary Dimple Gloves"
  },
  {
    "ID": 742,
    "Name": "Legendary Royal Sage Gloves"
  },
  {
    "ID": 743,
    "Name": "Legendary Orlean Gloves"
  },
  {
    "ID": 744,
    "Name": "Legendary Hunter Gloves"
  },
  {
    "ID": 745,
    "Name": "Legendary Criker Gloves"
  },
  {
    "ID": 746,
    "Name": "Legendary Ranger Gloves"
  },
  {
    "ID": 747,
    "Name": "Legendary Black Pirate Gloves"
  },
  {
    "ID": 748,
    "Name": "Legendary Mariner's Gloves"
  },
  {
    "ID": 749,
    "Name": "Legendary Jaguar Gloves"
  },
  {
    "ID": 750,
    "Name": "Legendary Wild Hawker Gloves"
  },
  {
    "ID": 751,
    "Name": "Legendary Silent Walker Gloves"
  },
  {
    "ID": 752,
    "Name": "Legendary Captain Hawker Gloves"
  },
  {
    "ID": 753,
    "Name": "Legendary Netherworld Gloves"
  },
  {
    "ID": 754,
    "Name": "Legendary Steel Resolve Gloves"
  },
  {
    "ID": 755,
    "Name": "Legendary Shadow Fall Wraps"
  },
  {
    "ID": 756,
    "Name": "Legendary Raptor Gloves"
  },
  {
    "ID": 757,
    "Name": "Legendary Brown Gloves"
  },
  {
    "ID": 758,
    "Name": "Legendary Vibe Gloves"
  },
  {
    "ID": 759,
    "Name": "Legendary Tamiya Gloves"
  },
  {
    "ID": 760,
    "Name": "Legendary Semiya Gloves"
  },
  {
    "ID": 761,
    "Name": "Legendary Merchant Gloves"
  },
  {
    "ID": 762,
    "Name": "Legendary Rich Merchant Gloves"
  },
  {
    "ID": 763,
    "Name": "Legendary Redfield Chairman Gloves"
  },
  {
    "ID": 764,
    "Name": "Legendary Bomber Gloves"
  },
  {
    "ID": 765,
    "Name": "Legendary Bourgeois Gloves"
  },
  {
    "ID": 766,
    "Name": "Legendary Noble Lord Gloves"
  },
  {
    "ID": 767,
    "Name": "Legendary Mana Steam Gloves"
  },
  {
    "ID": 768,
    "Name": "Legendary Mana Fusion Gloves"
  },
  {
    "ID": 769,
    "Name": "Legendary Mercenary Gloves"
  },
  {
    "ID": 787,
    "Name": "Love Story Hands"
  },
  {
    "ID": 788,
    "Name": "Devil Hands"
  },
  {
    "ID": 789,
    "Name": "Frankenhands"
  },
  {
    "ID": 790,
    "Name": "Mummy Hands"
  },
  {
    "ID": 791,
    "Name": "Vampire Hands"
  },
  {
    "ID": 792,
    "Name": "Werewolf Claws"
  },
  {
    "ID": 793,
    "Name": "Wicked Gloves"
  },
  {
    "ID": 794,
    "Name": "Zombie Hands"
  },
  {
    "ID": 795,
    "Name": "Storybook Gloves"
  },
  {
    "ID": 796,
    "Name": "Tea Party Handgear"
  },
  {
    "ID": 797,
    "Name": "Fable Handgear"
  },
  {
    "ID": 798,
    "Name": "Fairy Tale Handgear"
  },
  {
    "ID": 799,
    "Name": "Frozen Corpse Gloves"
  },
  {
    "ID": 800,
    "Name": ""
  },
  {
    "ID": 801,
    "Name": "Union Uniform Gloves"
  },
  {
    "ID": 805,
    "Name": "Happy Holiday Party Gloves"
  },
  {
    "ID": 821,
    "Name": ""
  },
  {
    "ID": 841,
    "Name": ""
  },
  {
    "ID": 861,
    "Name": ""
  },
  {
    "ID": 881,
    "Name": ""
  },
  {
    "ID": 901,
    "Name": "Brave Mighty Gauntlets"
  },
  {
    "ID": 902,
    "Name": "Brave Gloves of Shadow"
  },
  {
    "ID": 903,
    "Name": "Brave Mariner's Gloves"
  },
  {
    "ID": 904,
    "Name": "Brave Merchant Gloves"
  },
  {
    "ID": 905,
    "Name": "Brave Plate Gauntlets"
  },
  {
    "ID": 906,
    "Name": "Brave Heaven's Gloves"
  },
  {
    "ID": 907,
    "Name": "Brave Wild Hawker Gloves"
  },
  {
    "ID": 908,
    "Name": "Brave Redfield Chairman Gloves"
  },
  {
    "ID": 909,
    "Name": "Brave Rightous Plate Gauntlets"
  },
  {
    "ID": 910,
    "Name": "Brave Archmage Gloves"
  },
  {
    "ID": 911,
    "Name": "Brave Netherworld Gloves"
  },
  {
    "ID": 912,
    "Name": "Brave Noble Lord Gloves"
  },
  {
    "ID": 913,
    "Name": "Brave Jabberwock Gauntlets"
  },
  {
    "ID": 914,
    "Name": "Brave Dimple Gloves"
  },
  {
    "ID": 915,
    "Name": "Brave Steel Resolve Gloves"
  },
  {
    "ID": 916,
    "Name": "Brave Mana Steam Gloves"
  },
  {
    "ID": 917,
    "Name": "Brave Jabberwock Gauntlets"
  },
  {
    "ID": 918,
    "Name": "Brave Dimple Gloves"
  },
  {
    "ID": 919,
    "Name": "Brave Steel Resolve Gloves"
  },
  {
    "ID": 920,
    "Name": "Brave Mana Steam Gloves"
  },
  {
    "ID": 921,
    "Name": "Brave Jabberwock Gauntlets"
  },
  {
    "ID": 922,
    "Name": "Brave Dimple Gloves"
  },
  {
    "ID": 923,
    "Name": "Brave Steel Resolve Gloves"
  },
  {
    "ID": 924,
    "Name": "Brave Mana Steam Gloves"
  },
  {
    "ID": 1000,
    "Name": "Reinforced Soldier Gloves"
  },
  {
    "ID": 1001,
    "Name": "Endowed Soldier Gloves"
  },
  {
    "ID": 1004,
    "Name": "Reinforced Iron Gauntlets"
  },
  {
    "ID": 1005,
    "Name": "Endowed Iron Gauntlets"
  },
  {
    "ID": 1008,
    "Name": "Reinforced Trunket Gloves"
  },
  {
    "ID": 1009,
    "Name": "Endowed Trunket Gloves"
  },
  {
    "ID": 1012,
    "Name": "Reinforced Chrome Gauntlets"
  },
  {
    "ID": 1013,
    "Name": "Endowed Chrome Gauntlets"
  },
  {
    "ID": 1014,
    "Name": "Reinforced Mighty Gauntlets"
  },
  {
    "ID": 1015,
    "Name": "Endowed Mighty Gauntlets"
  },
  {
    "ID": 1016,
    "Name": "Reinforced Kurash Gauntlets"
  },
  {
    "ID": 1017,
    "Name": "Endowed Kurash Gauntlets"
  },
  {
    "ID": 1018,
    "Name": "Reinforced Plate Gauntlets"
  },
  {
    "ID": 1019,
    "Name": "Endowed Plate Gauntlets"
  },
  {
    "ID": 1020,
    "Name": "Reinforced Durable Gloves"
  },
  {
    "ID": 1021,
    "Name": "Endowed Durable Gloves"
  },
  {
    "ID": 1022,
    "Name": "Reinforced Righteous Plate Gauntlets"
  },
  {
    "ID": 1023,
    "Name": "Endowed Righteous Plate Gauntlets"
  },
  {
    "ID": 1024,
    "Name": "Reinforced Aurum Plate Gauntlets"
  },
  {
    "ID": 1025,
    "Name": "Endowed Aurum Plate Gauntlets"
  },
  {
    "ID": 1026,
    "Name": "Reinforced Cedric Gloves"
  },
  {
    "ID": 1027,
    "Name": "Endowed Cedric Gloves"
  },
  {
    "ID": 1028,
    "Name": "Reinforced Obsidian Plate Gauntlets"
  },
  {
    "ID": 1029,
    "Name": "Endowed Obsidian Plate Gauntlets"
  },
  {
    "ID": 1030,
    "Name": "Reinforced Jabberwock Gauntlets"
  },
  {
    "ID": 1031,
    "Name": "Endowed Jabberwock Gauntlets"
  },
  {
    "ID": 1032,
    "Name": "Reinforced Execution Gloves"
  },
  {
    "ID": 1033,
    "Name": "Endowed Execution Gloves"
  },
  {
    "ID": 1034,
    "Name": "Reinforced Abyss Plate Gauntlets"
  },
  {
    "ID": 1035,
    "Name": "Endowed Abyss Plate Gauntlets"
  },
  {
    "ID": 1036,
    "Name": "Reinforced Spiritual Gloves"
  },
  {
    "ID": 1037,
    "Name": "Endowed Spiritual Gloves"
  },
  {
    "ID": 1040,
    "Name": "Reinforced Green Gloves of Witch"
  },
  {
    "ID": 1041,
    "Name": "Endowed Green Gloves of Witch"
  },
  {
    "ID": 1044,
    "Name": "Reinforced Purple Gloves of Witch"
  },
  {
    "ID": 1045,
    "Name": "Endowed Purple Gloves of Witch"
  },
  {
    "ID": 1048,
    "Name": "Reinforced Violet Gloves"
  },
  {
    "ID": 1049,
    "Name": "Endowed Violet Gloves"
  },
  {
    "ID": 1050,
    "Name": "Reinforced Gloves of Shadow"
  },
  {
    "ID": 1051,
    "Name": "Endowed Gloves of Shadow"
  },
  {
    "ID": 1052,
    "Name": "Reinforced Velvet Gloves of Witch"
  },
  {
    "ID": 1053,
    "Name": "Endowed Velvet Gloves of Witch"
  },
  {
    "ID": 1054,
    "Name": "Reinforced Heaven's Gloves"
  },
  {
    "ID": 1055,
    "Name": "Endowed Heaven's Gloves"
  },
  {
    "ID": 1056,
    "Name": "Reinforced Fairy Gloves"
  },
  {
    "ID": 1057,
    "Name": "Endowed Fairy Gloves"
  },
  {
    "ID": 1058,
    "Name": "Reinforced Archmage Gloves"
  },
  {
    "ID": 1059,
    "Name": "Endowed Archmage Gloves"
  },
  {
    "ID": 1060,
    "Name": "Reinforced Orlean Gloves"
  },
  {
    "ID": 1061,
    "Name": "Endowed Orlean Gloves"
  },
  {
    "ID": 1062,
    "Name": "Reinforced Joker Gloves"
  },
  {
    "ID": 1063,
    "Name": "Endowed Joker Gloves"
  },
  {
    "ID": 1064,
    "Name": "Reinforced Royal Sage Gloves"
  },
  {
    "ID": 1065,
    "Name": "Endowed Royal Sage Gloves"
  },
  {
    "ID": 1066,
    "Name": "Reinforced Dimple Gloves"
  },
  {
    "ID": 1067,
    "Name": "Endowed Dimple Gloves"
  },
  {
    "ID": 1068,
    "Name": "Reinforced Mystic Weaver Gloves"
  },
  {
    "ID": 1069,
    "Name": "Endowed Mystic Weaver Gloves"
  },
  {
    "ID": 1070,
    "Name": "Reinforced Serenity Gloves"
  },
  {
    "ID": 1071,
    "Name": "Endowed Serenity Gloves"
  },
  {
    "ID": 1072,
    "Name": "Reinforced Hunter Gloves"
  },
  {
    "ID": 1073,
    "Name": "Endowed Hunter Gloves"
  },
  {
    "ID": 1074,
    "Name": "Reinforced Criker Gloves"
  },
  {
    "ID": 1075,
    "Name": "Endowed Criker Gloves"
  },
  {
    "ID": 1078,
    "Name": "Reinforced Ranger Gloves"
  },
  {
    "ID": 1079,
    "Name": "Endowed Ranger Gloves"
  },
  {
    "ID": 1082,
    "Name": "Reinforced Black Pirate Gloves"
  },
  {
    "ID": 1083,
    "Name": "Endowed Black Pirate Gloves"
  },
  {
    "ID": 1084,
    "Name": "Reinforced Mariner's Gloves"
  },
  {
    "ID": 1085,
    "Name": "Endowed Mariner's Gloves"
  },
  {
    "ID": 1088,
    "Name": "Reinforced Jaguar Gloves"
  },
  {
    "ID": 1089,
    "Name": "Endowed Jaguar Gloves"
  },
  {
    "ID": 1090,
    "Name": "Reinforced Raptor Gloves"
  },
  {
    "ID": 1091,
    "Name": "Endowed Raptor Gloves"
  },
  {
    "ID": 1092,
    "Name": "Reinforced Wild Hawker Gloves"
  },
  {
    "ID": 1093,
    "Name": "Endowed Wild Hawker Gloves"
  },
  {
    "ID": 1094,
    "Name": "Reinforced Pirate Gloves"
  },
  {
    "ID": 1095,
    "Name": "Endowed Pirate Gloves"
  },
  {
    "ID": 1096,
    "Name": "Reinforced Netherworld Gloves"
  },
  {
    "ID": 1097,
    "Name": "Endowed Netherworld Gloves"
  },
  {
    "ID": 1098,
    "Name": "Reinforced Silent Walker Gloves"
  },
  {
    "ID": 1099,
    "Name": "Endowed Silent Walker Gloves"
  },
  {
    "ID": 1100,
    "Name": "Reinforced Steel Resolve Gloves"
  },
  {
    "ID": 1101,
    "Name": "Endowed Steel Resolve Gloves"
  },
  {
    "ID": 1102,
    "Name": "Reinforced Triggerman Gloves"
  },
  {
    "ID": 1103,
    "Name": "Endowed Triggerman Gloves"
  },
  {
    "ID": 1104,
    "Name": "Reinforced Shadow Fall Wraps"
  },
  {
    "ID": 1105,
    "Name": "Endowed Shadow Fall Wraps"
  },
  {
    "ID": 1106,
    "Name": "Reinforced Captain Hawker Gloves"
  },
  {
    "ID": 1107,
    "Name": "Endowed Captain Hawker Gloves"
  },
  {
    "ID": 1108,
    "Name": "Reinforced Brown Gloves"
  },
  {
    "ID": 1109,
    "Name": "Endowed Brown Gloves"
  },
  {
    "ID": 1110,
    "Name": "Reinforced Vibe Gloves"
  },
  {
    "ID": 1111,
    "Name": "Endowed Vibe Gloves"
  },
  {
    "ID": 1114,
    "Name": "Reinforced Tamiya Gloves"
  },
  {
    "ID": 1115,
    "Name": "Endowed Tamiya Gloves"
  },
  {
    "ID": 1118,
    "Name": "Reinforced Semiya Gloves"
  },
  {
    "ID": 1119,
    "Name": "Endowed Semiya Gloves"
  },
  {
    "ID": 1120,
    "Name": "Reinforced Merchant Gloves"
  },
  {
    "ID": 1121,
    "Name": "Endowed Merchant Gloves"
  },
  {
    "ID": 1124,
    "Name": "Reinforced Rich Merchant Gloves"
  },
  {
    "ID": 1125,
    "Name": "Endowed Rich Merchant Gloves"
  },
  {
    "ID": 1126,
    "Name": "Reinforced Mercenary Gloves"
  },
  {
    "ID": 1127,
    "Name": "Endowed Mercenary Gloves"
  },
  {
    "ID": 1128,
    "Name": "Reinforced Redfield Chairman Gloves"
  },
  {
    "ID": 1129,
    "Name": "Endowed Redfield Chairman Gloves"
  },
  {
    "ID": 1130,
    "Name": "Reinforced Fisher Gloves"
  },
  {
    "ID": 1131,
    "Name": "Endowed Fisher Gloves"
  },
  {
    "ID": 1132,
    "Name": "Reinforced Noble Lord Gloves"
  },
  {
    "ID": 1133,
    "Name": "Endowed Noble Lord Gloves"
  },
  {
    "ID": 1134,
    "Name": "Reinforced Bomber Gloves"
  },
  {
    "ID": 1135,
    "Name": "Endowed Bomber Gloves"
  },
  {
    "ID": 1136,
    "Name": "Reinforced Mana Steam Gloves"
  },
  {
    "ID": 1137,
    "Name": "Endowed Mana Steam Gloves"
  },
  {
    "ID": 1138,
    "Name": "Reinforced Cart Racer Gloves"
  },
  {
    "ID": 1139,
    "Name": "Endowed Cart Racer Gloves"
  },
  {
    "ID": 1140,
    "Name": "Reinforced Mana Fusion Gloves"
  },
  {
    "ID": 1141,
    "Name": "Endowed Mana Fusion Gloves"
  },
  {
    "ID": 1142,
    "Name": "Reinforced Bourgeois Gloves"
  },
  {
    "ID": 1143,
    "Name": "Endowed Bourgeois Gloves"
  },
  {
    "ID": 1144,
    "Name": "Reinforced White Gloves"
  },
  {
    "ID": 1145,
    "Name": "Endowed White Gloves"
  },
  {
    "ID": 1146,
    "Name": "Reinforced Leather Gloves"
  },
  {
    "ID": 1147,
    "Name": "Endowed Leather Gloves"
  },
  {
    "ID": 1148,
    "Name": "Reinforced Dumb Gloves"
  },
  {
    "ID": 1149,
    "Name": "Endowed Dumb Gloves"
  },
  {
    "ID": 1150,
    "Name": "Reinforced Safe Gloves"
  },
  {
    "ID": 1151,
    "Name": "Endowed Safe Gloves"
  },
  {
    "ID": 1152,
    "Name": "Reinforced Action Gloves"
  },
  {
    "ID": 1153,
    "Name": "Endowed Action Gloves"
  },
  {
    "ID": 1154,
    "Name": "Reinforced Full Action Gloves"
  },
  {
    "ID": 1155,
    "Name": "Endowed Full Action Gloves"
  },
  {
    "ID": 1156,
    "Name": "Reinforced Gray Gloves"
  },
  {
    "ID": 1157,
    "Name": "Endowed Gray Gloves"
  },
  {
    "ID": 1158,
    "Name": "Reinforced Hill Gray Gloves"
  },
  {
    "ID": 1159,
    "Name": "Endowed Hill Gray Gloves"
  },
  {
    "ID": 1160,
    "Name": "Reinforced Gloves of Iguje"
  },
  {
    "ID": 1161,
    "Name": "Endowed Gloves of Iguje"
  },
  {
    "ID": 1162,
    "Name": "Reinforced Islamic Gloves"
  },
  {
    "ID": 1163,
    "Name": "Endowed Islamic Gloves"
  },
  {
    "ID": 1164,
    "Name": "Reinforced Venetian Gloves"
  },
  {
    "ID": 1165,
    "Name": "Endowed Venetian Gloves"
  },
  {
    "ID": 1166,
    "Name": "Reinforced Luxurious Venetian Gloves"
  },
  {
    "ID": 1167,
    "Name": "Endowed Luxurious Venetian Gloves"
  },
  {
    "ID": 1168,
    "Name": "Reinforced Junior Gloves"
  },
  {
    "ID": 1169,
    "Name": "Endowed Junior Gloves"
  },
  {
    "ID": 1170,
    "Name": "Reinforced Senior Gloves"
  },
  {
    "ID": 1171,
    "Name": "Endowed Senior Gloves"
  },
  {
    "ID": 1172,
    "Name": "Reinforced Redfield Green Gloves"
  },
  {
    "ID": 1173,
    "Name": "Endowed Redfield Green Gloves"
  },
  {
    "ID": 1174,
    "Name": "Reinforced Redfield Black Gloves"
  },
  {
    "ID": 1175,
    "Name": "Endowed Redfield Black Gloves"
  },
  {
    "ID": 1194,
    "Name": "13th Anniversary Celebration Bling"
  },
  {
    "ID": 1195,
    "Name": "12th Anniversary Celebration Bling"
  },
  {
    "ID": 1196,
    "Name": "11th Anniversary Celebration Bling"
  },
  {
    "ID": 1197,
    "Name": "10th Anniversary Celebration Bling"
  },
  {
    "ID": 1209,
    "Name": "Valentine Gloves"
  },
  {
    "ID": 1210,
    "Name": "Blue Snowboard Gloves"
  },
  {
    "ID": 1211,
    "Name": "Purple Snowboard Gloves"
  },
  {
    "ID": 1212,
    "Name": "Cocktail Gloves"
  },
  {
    "ID": 1213,
    "Name": "Blue Moldie Inner tube"
  },
  {
    "ID": 1214,
    "Name": "Pink Moldie Inner tube"
  },
  {
    "ID": 1300,
    "Name": ""
  },
  {
    "ID": 1301,
    "Name": ""
  },
  {
    "ID": 1900,
    "Name": "Wraps"
  },
  {
    "ID": 1901,
    "Name": "Exalted Wraps"
  },
  {
    "ID": 1902,
    "Name": "Heavy Frost Gloves"
  },
  {
    "ID": 1903,
    "Name": "Leather Frost Gloves"
  },
  {
    "ID": 1904,
    "Name": "Sturdy Frost Gloves"
  },
  {
    "ID": 1905,
    "Name": "Light Frost Gloves"
  },
  {
    "ID": 1906,
    "Name": "Exalted Heavy Frost Gloves"
  },
  {
    "ID": 1907,
    "Name": "Exalted Leather Frost Gloves"
  },
  {
    "ID": 1908,
    "Name": "Exalted Sturdy Frost Gloves"
  },
  {
    "ID": 1909,
    "Name": "Exalted Light Frost Gloves"
  },
  {
    "ID": 1910,
    "Name": "Heavy Winter Gloves"
  },
  {
    "ID": 1911,
    "Name": "Heavy Frozen Gloves"
  },
  {
    "ID": 1912,
    "Name": "Heavy Frigid Gloves"
  },
  {
    "ID": 1913,
    "Name": "Heavy Glacial Gloves"
  },
  {
    "ID": 1914,
    "Name": "Leather Winter Gloves"
  },
  {
    "ID": 1915,
    "Name": "Leather Frozen Gloves"
  },
  {
    "ID": 1916,
    "Name": "Leather Frigid Gloves"
  },
  {
    "ID": 1917,
    "Name": "Leather Glacial Gloves"
  },
  {
    "ID": 1918,
    "Name": "Sturdy Winter Gloves"
  },
  {
    "ID": 1919,
    "Name": "Sturdy Frozen Gloves"
  },
  {
    "ID": 1920,
    "Name": "Sturdy Frigid Gloves"
  },
  {
    "ID": 1921,
    "Name": "Sturdy Glacial Gloves"
  },
  {
    "ID": 1922,
    "Name": "Light Winter Gloves"
  },
  {
    "ID": 1923,
    "Name": "Light Frozen Gloves"
  },
  {
    "ID": 1924,
    "Name": "Light Frigid Gloves"
  },
  {
    "ID": 1925,
    "Name": "Light Glacial Gloves"
  },
  {
    "ID": 1926,
    "Name": "Exalted Heavy Winter Gloves"
  },
  {
    "ID": 1927,
    "Name": "Exalted Heavy Frozen Gloves"
  },
  {
    "ID": 1928,
    "Name": "Exalted Heavy Frigid Gloves"
  },
  {
    "ID": 1929,
    "Name": "Exalted Heavy Glacial Gloves"
  },
  {
    "ID": 1930,
    "Name": "Exalted Leather Winter Gloves"
  },
  {
    "ID": 1931,
    "Name": "Exalted Leather Frozen Gloves"
  },
  {
    "ID": 1932,
    "Name": "Exalted Leather Frigid Gloves"
  },
  {
    "ID": 1933,
    "Name": "Exalted Leather Glacial Gloves"
  },
  {
    "ID": 1934,
    "Name": "Exalted Sturdy Winter Gloves"
  },
  {
    "ID": 1935,
    "Name": "Exalted Sturdy Frozen Gloves"
  },
  {
    "ID": 1936,
    "Name": "Exalted Sturdy Frigid Gloves"
  },
  {
    "ID": 1937,
    "Name": "Exalted Sturdy Glacial Gloves"
  },
  {
    "ID": 1938,
    "Name": "Exalted Light Winter Gloves"
  },
  {
    "ID": 1939,
    "Name": "Exalted Light Frozen Gloves"
  },
  {
    "ID": 1940,
    "Name": "Exalted Light Frigid Gloves"
  },
  {
    "ID": 1941,
    "Name": "Exalted Light Glacial Gloves"
  },
  {
    "ID": 1942,
    "Name": "Legionnaire Guard Guantlets"
  },
  {
    "ID": 1943,
    "Name": "Legionnaire Sentinel Guantlets"
  },
  {
    "ID": 1944,
    "Name": "Legionnaire Evocatus Guantlets"
  },
  {
    "ID": 1945,
    "Name": "Legionnaire Signifer Guantlets"
  },
  {
    "ID": 1946,
    "Name": "Wild Spinosaur Gloves"
  },
  {
    "ID": 1947,
    "Name": "Vicious Spinosaur Gloves"
  },
  {
    "ID": 1948,
    "Name": "Thorned Spinosaur Gloves"
  },
  {
    "ID": 1949,
    "Name": "Cunning Spinosaur Gloves"
  },
  {
    "ID": 1950,
    "Name": "Lethal Assailant Gloves"
  },
  {
    "ID": 1951,
    "Name": "Heavy Assailant Gloves"
  },
  {
    "ID": 1952,
    "Name": "Sharp Assailant Gloves"
  },
  {
    "ID": 1953,
    "Name": "Focused Assailant Gloves"
  },
  {
    "ID": 1954,
    "Name": "Maddened Spitfire Wraps"
  },
  {
    "ID": 1955,
    "Name": "Crazed Spitfire Wraps"
  },
  {
    "ID": 1956,
    "Name": "Blazing Spitfire Wraps"
  },
  {
    "ID": 1957,
    "Name": "Raging Spitfire Wraps"
  },
  {
    "ID": 2000,
    "Name": "Gloves Test"
  },
  {
    "ID": 3901,
    "Name": "Akram Kingdom Gloves"
  },
  {
    "ID": 3902,
    "Name": "Ancient Royal Gloves"
  },
  {
    "ID": 3999,
    "Name": ""
  },
  {
    "ID": 4001,
    "Name": "Jellybean Gloves"
  },
  {
    "ID": 4006,
    "Name": "Blue Aqua Fins"
  },
  {
    "ID": 4007,
    "Name": "Moldie Claws"
  },
  {
    "ID": 4008,
    "Name": "Rackie Paws"
  },
  {
    "ID": 4009,
    "Name": "Woopie Chef Paws"
  },
  {
    "ID": 4011,
    "Name": "Aqua King Fins"
  },
  {
    "ID": 4012,
    "Name": "Manager Moldie Claws"
  },
  {
    "ID": 4013,
    "Name": "Vagabond Rackie Paws"
  },
  {
    "ID": 4014,
    "Name": "Woopie King Paws"
  },
  {
    "ID": 4016,
    "Name": "Elite Pomic Soldier Gauntlets"
  },
  {
    "ID": 4017,
    "Name": "Candle Ghost Spooky Hands"
  },
  {
    "ID": 4018,
    "Name": "Queen Bibi Manicured Hands"
  },
  {
    "ID": 4024,
    "Name": "Easter Bunny Paws"
  },
  {
    "ID": 4025,
    "Name": "Easter Bunny Paws"
  },
  {
    "ID": 4026,
    "Name": "Captain Zack Gloves"
  },
  {
    "ID": 4028,
    "Name": "Black Power Suit Gloves"
  },
  {
    "ID": 4029,
    "Name": "Pink Power Suit Gloves"
  },
  {
    "ID": 4030,
    "Name": "Blue Power Suit Gloves"
  },
  {
    "ID": 4031,
    "Name": "White Power Suit Gloves"
  },
  {
    "ID": 4032,
    "Name": "Red Power Suit Gloves"
  },
  {
    "ID": 4033,
    "Name": "Green Power Suit Gloves"
  },
  {
    "ID": 4034,
    "Name": "Yellow Power Suit Gloves"
  },
  {
    "ID": 4036,
    "Name": "Raijin Gloves"
  },
  {
    "ID": 4037,
    "Name": "Tenjin Gloves"
  },
  {
    "ID": 4038,
    "Name": "Kojin Gloves"
  },
  {
    "ID": 4040,
    "Name": "Cute School Mitts"
  },
  {
    "ID": 4041,
    "Name": "Blue Cute School Mitts"
  },
  {
    "ID": 4043,
    "Name": "Purple Magician Gloves"
  },
  {
    "ID": 4044,
    "Name": "Red Magician Gloves"
  },
  {
    "ID": 4046,
    "Name": "Black Ninja Gloves"
  },
  {
    "ID": 4047,
    "Name": "White Ninja Gloves"
  },
  {
    "ID": 4048,
    "Name": "Truck Bot Gloves"
  },
  {
    "ID": 4049,
    "Name": "Sport Bot Gloves"
  },
  {
    "ID": 4056,
    "Name": "Wizard's Gloves"
  },
  {
    "ID": 4057,
    "Name": "Brown Cadet Gloves"
  },
  {
    "ID": 4058,
    "Name": "Blue Cadet Gloves"
  },
  {
    "ID": 4059,
    "Name": "Black Cadet Gloves"
  },
  {
    "ID": 4060,
    "Name": "Green Cadet Gloves"
  },
  {
    "ID": 4081,
    "Name": "Red Samurai Gloves"
  },
  {
    "ID": 4082,
    "Name": "Blue Samurai Gloves"
  },
  {
    "ID": 4083,
    "Name": "White Samurai Gloves"
  },
  {
    "ID": 4084,
    "Name": "Black Samurai Gloves"
  },
  {
    "ID": 4085,
    "Name": "Gold Samurai Gloves"
  },
  {
    "ID": 4100,
    "Name": "Inmate Gloves"
  },
  {
    "ID": 4101,
    "Name": "Prisoner Gloves"
  },
  {
    "ID": 4102,
    "Name": "Police Watch"
  },
  {
    "ID": 4103,
    "Name": "Highway Patrol Watch"
  },
  {
    "ID": 4104,
    "Name": "Fire Rescue Gloves"
  },
  {
    "ID": 4105,
    "Name": "Fire Fighter Gloves"
  },
  {
    "ID": 4106,
    "Name": "Cowboy Gloves"
  },
  {
    "ID": 4107,
    "Name": "Indian Handwraps"
  },
  {
    "ID": 4108,
    "Name": "Doctor Gloves"
  },
  {
    "ID": 4109,
    "Name": "Hunter Gloves"
  },
  {
    "ID": 4110,
    "Name": "Warlock Gloves"
  },
  {
    "ID": 4111,
    "Name": "Alien Hands"
  },
  {
    "ID": 4112,
    "Name": "Caveman Handwraps"
  },
  {
    "ID": 4113,
    "Name": "Hippie Armbands"
  },
  {
    "ID": 4114,
    "Name": "Gingerbread Hands"
  },
  {
    "ID": 4115,
    "Name": "Black Batting Gloves"
  },
  {
    "ID": 4116,
    "Name": "Blue Batting Gloves"
  },
  {
    "ID": 4117,
    "Name": "Red Batting Gloves"
  },
  {
    "ID": 4118,
    "Name": "Purple Batting Gloves"
  },
  {
    "ID": 4119,
    "Name": "Shark Hands"
  },
  {
    "ID": 4120,
    "Name": "Red Basketball Wristband"
  },
  {
    "ID": 4121,
    "Name": "Blue Basketball Wristband"
  },
  {
    "ID": 4122,
    "Name": "Purple Basketball Wristband"
  },
  {
    "ID": 4123,
    "Name": "Yellow Basketball Wristband"
  },
  {
    "ID": 4124,
    "Name": "Black Football Gloves"
  },
  {
    "ID": 4125,
    "Name": "Blue Football Gloves"
  },
  {
    "ID": 4126,
    "Name": "Red Football Gloves"
  },
  {
    "ID": 4127,
    "Name": "Purple Football Gloves"
  },
  {
    "ID": 4128,
    "Name": "White Football Gloves"
  },
  {
    "ID": 4134,
    "Name": "Construction Gloves"
  },
  {
    "ID": 4135,
    "Name": "Dark ROSE Gloves"
  },
  {
    "ID": 4136,
    "Name": "Super ROSE Gloves"
  },
  {
    "ID": 4137,
    "Name": "Tribal Handwear"
  },
  {
    "ID": 4138,
    "Name": "Vintage Autumn Gloves"
  },
  {
    "ID": 4139,
    "Name": "Festive Christmas Gloves"
  },
  {
    "ID": 4140,
    "Name": "Cocoa Gingerbread Gloves"
  },
  {
    "ID": 4141,
    "Name": "Vanilla Gingerbread Gloves"
  },
  {
    "ID": 4142,
    "Name": "Rudolph Gloves"
  },
  {
    "ID": 4143,
    "Name": "Snowman Gloves"
  },
  {
    "ID": 4145,
    "Name": "Karate Handwraps"
  },
  {
    "ID": 4146,
    "Name": "Black Karate Handwraps"
  },
  {
    "ID": 4147,
    "Name": "Blue Karate Handwraps"
  },
  {
    "ID": 4148,
    "Name": "Green Karate Handwraps"
  },
  {
    "ID": 4149,
    "Name": "Pink Karate Handwraps"
  },
  {
    "ID": 4150,
    "Name": "Purple Karate Handwraps"
  },
  {
    "ID": 4151,
    "Name": "Red Karate Handwraps"
  },
  {
    "ID": 4152,
    "Name": "White Karate Handwraps"
  },
  {
    "ID": 4153,
    "Name": "Yellow Karate Handwraps"
  },
  {
    "ID": 4155,
    "Name": "HipHop Gloves"
  },
  {
    "ID": 4156,
    "Name": "Traditional Chinese Handwraps"
  },
  {
    "ID": 4158,
    "Name": "White Formal Handwear"
  },
  {
    "ID": 4159,
    "Name": "Black Formal Handwear"
  },
  {
    "ID": 4161,
    "Name": "White Tuxedo Gloves"
  },
  {
    "ID": 4162,
    "Name": "Black Tuxedo Gloves"
  },
  {
    "ID": 4164,
    "Name": "Shakespearean Gloves"
  },
  {
    "ID": 4165,
    "Name": "Spartan Wraps"
  },
  {
    "ID": 4167,
    "Name": "Traditional Red Chinese Handwraps"
  },
  {
    "ID": 4168,
    "Name": "Traditional Black Chinese Handwraps"
  },
  {
    "ID": 4169,
    "Name": "Traditional Blue Chinese Handwraps"
  },
  {
    "ID": 4170,
    "Name": "Traditional Yellow Chinese Handwraps"
  },
  {
    "ID": 4171,
    "Name": "Traditional White Chinese Handwraps"
  },
  {
    "ID": 4172,
    "Name": "Traditional Pink Chinese Handwraps"
  },
  {
    "ID": 4173,
    "Name": "Traditional Green Chinese Handwraps"
  },
  {
    "ID": 4180,
    "Name": "Chemical Handling Gloves"
  },
  {
    "ID": 4181,
    "Name": "Battle Worn Gauntlet"
  },
  {
    "ID": 4182,
    "Name": "Utility Gloves"
  },
  {
    "ID": 4183,
    "Name": "Experimental Mitts"
  },
  {
    "ID": 4199,
    "Name": "Narwhal Fins"
  },
  {
    "ID": 4200,
    "Name": "Fox Paws"
  },
  {
    "ID": 4201,
    "Name": "Explorer Rascal's Gloves"
  },
  {
    "ID": 4202,
    "Name": "Heavenly Soldier's Gloves"
  },
  {
    "ID": 4204,
    "Name": "Merry Holiday Party Gloves"
  },
  {
    "ID": 4205,
    "Name": "Jolly Holiday Party Gloves"
  },
  {
    "ID": 4206,
    "Name": "Charming School Gloves"
  },
  {
    "ID": 4207,
    "Name": "Lolita Gloves"
  },
  {
    "ID": 4208,
    "Name": "Viking Gloves"
  },
  {
    "ID": 4210,
    "Name": "Black Ronin Gloves"
  },
  {
    "ID": 4211,
    "Name": "Blue Ronin Gloves"
  },
  {
    "ID": 4212,
    "Name": "Green Ronin Gloves"
  },
  {
    "ID": 4213,
    "Name": "Purple Ronin Gloves"
  },
  {
    "ID": 4214,
    "Name": "Red Ronin Gloves"
  },
  {
    "ID": 4216,
    "Name": "Cat Paws"
  },
  {
    "ID": 4217,
    "Name": "Cow Hooves"
  },
  {
    "ID": 4218,
    "Name": "Dog Paws"
  },
  {
    "ID": 4219,
    "Name": "Bear Paws"
  },
  {
    "ID": 4220,
    "Name": "Dragon Claws"
  },
  {
    "ID": 4221,
    "Name": "JellyBean Gloves"
  },
  {
    "ID": 4222,
    "Name": "Lion Paws"
  },
  {
    "ID": 4223,
    "Name": "Moldie Paws"
  },
  {
    "ID": 4224,
    "Name": "Penguin Fins"
  },
  {
    "ID": 4225,
    "Name": "Woopie Paws"
  },
  {
    "ID": 4227,
    "Name": "Royal Winter Gloves"
  },
  {
    "ID": 4229,
    "Name": "Pop Idol Pink Gloves"
  },
  {
    "ID": 4230,
    "Name": "Pop Idol Blue Gloves"
  },
  {
    "ID": 4231,
    "Name": "Pop Idol Green Gloves"
  },
  {
    "ID": 4233,
    "Name": "Military Leader's Gloves"
  },
  {
    "ID": 4235,
    "Name": "T-100 Rosenator Gauntlets"
  },
  {
    "ID": 4237,
    "Name": "Monarch Butterfly Gloves"
  },
  {
    "ID": 4238,
    "Name": "Blue Monarch Butterfly Gloves"
  },
  {
    "ID": 4239,
    "Name": "Green Monarch Butterfly Gloves"
  },
  {
    "ID": 4240,
    "Name": "Red Monarch Butterfly Gloves"
  },
  {
    "ID": 4242,
    "Name": "Fox Paws"
  },
  {
    "ID": 4243,
    "Name": "Dragon Claws"
  },
  {
    "ID": 4244,
    "Name": "Lolita Gloves"
  },
  {
    "ID": 4245,
    "Name": "Blue Batting Gloves"
  },
  {
    "ID": 4246,
    "Name": "Red Football Gloves"
  },
  {
    "ID": 4247,
    "Name": "Hunter Gloves"
  },
  {
    "ID": 4248,
    "Name": "Truck Bot Gloves"
  },
  {
    "ID": 4249,
    "Name": "Sport Bot Gloves"
  },
  {
    "ID": 4250,
    "Name": "Battle Worn Gauntlet"
  },
  {
    "ID": 4251,
    "Name": "Heavenly Soldiers Gloves"
  },
  {
    "ID": 4252,
    "Name": "Noblesse Oblige Gauntlets"
  },
  {
    "ID": 4253,
    "Name": "Noblesse Tyrant Gauntlets"
  },
  {
    "ID": 4255,
    "Name": "Winter Walker Hands"
  },
  {
    "ID": 4256,
    "Name": "Adam & Eve Bracelet"
  },
  {
    "ID": 4257,
    "Name": "Badass Love Bracelets"
  },
  {
    "ID": 4258,
    "Name": "Tango Hand Accessories"
  },
  {
    "ID": 4259,
    "Name": "Beekeeper Gloves"
  },
  {
    "ID": 4260,
    "Name": "Eggbird Gloves"
  },
  {
    "ID": 4261,
    "Name": "Rosadeer Gloves"
  },
  {
    "ID": 4262,
    "Name": "Heroic Meanie Gloves"
  },
  {
    "ID": 4263,
    "Name": "Heroic Punk Bracelet"
  },
  {
    "ID": 4264,
    "Name": "Guardian Behemoth Gloves"
  },
  {
    "ID": 4265,
    "Name": "Summer Day Gloves"
  },
  {
    "ID": 4266,
    "Name": "Shining Blue Gloves"
  },
  {
    "ID": 4267,
    "Name": "Fancy in Red Gloves"
  },
  {
    "ID": 4268,
    "Name": "Royal Flare Gloves"
  },
  {
    "ID": 4269,
    "Name": "Hot Blaze Gloves"
  },
  {
    "ID": 4270,
    "Name": "Disastrous Flame Gloves"
  },
  {
    "ID": 4271,
    "Name": "Splash Down Gloves"
  },
  {
    "ID": 4272,
    "Name": "Beach Walk Gloves"
  },
  {
    "ID": 4273,
    "Name": "Luau Raver Gloves"
  },
  {
    "ID": 4274,
    "Name": "Dragon Tamer Gauntlets"
  },
  {
    "ID": 4275,
    "Name": "S Class High School Gloves"
  },
  {
    "ID": 4276,
    "Name": "Magical Wisezard Gloves"
  },
  {
    "ID": 4277,
    "Name": "Royal Fortune Gloves"
  },
  {
    "ID": 4278,
    "Name": "Riot Corsair Gloves"
  },
  {
    "ID": 4279,
    "Name": "Outlaw Punk Gloves"
  },
  {
    "ID": 4280,
    "Name": "Pumpkin Knight Gloves"
  },
  {
    "ID": 4281,
    "Name": "Black Widow Gloves"
  },
  {
    "ID": 4282,
    "Name": "Fallin Luv Gloves"
  },
  {
    "ID": 4283,
    "Name": "Autumn Blossom Gloves"
  },
  {
    "ID": 4284,
    "Name": "Winter Polar Gloves"
  },
  {
    "ID": 4285,
    "Name": "Elegant Winter Gloves"
  },
  {
    "ID": 4286,
    "Name": "Nice Winter Gloves"
  },
  {
    "ID": 4287,
    "Name": "Winter Spirits Gloves"
  },
  {
    "ID": 4288,
    "Name": "Hip Hopper Gloves"
  },
  {
    "ID": 4289,
    "Name": "Crazy Twenties Gloves"
  },
  {
    "ID": 4290,
    "Name": "Rockabilly Gloves"
  },
  {
    "ID": 4291,
    "Name": "Glam Flamingo Gloves"
  },
  {
    "ID": 4292,
    "Name": "Ruler Gloves"
  },
  {
    "ID": 4293,
    "Name": "Sea Glitz Gloves"
  },
  {
    "ID": 4294,
    "Name": "Mystic Gloves"
  },
  {
    "ID": 4295,
    "Name": "Protector Gloves"
  },
  {
    "ID": 4296,
    "Name": "Royal Deities Gloves"
  },
  {
    "ID": 4297,
    "Name": "Mythical Atlantian Gloves"
  },
  {
    "ID": 4298,
    "Name": "Traditional Gloves"
  },
  {
    "ID": 4299,
    "Name": "Sunshine Moonlight Gloves"
  },
  {
    "ID": 4300,
    "Name": "Blue Eclipse Gloves"
  },
  {
    "ID": 4301,
    "Name": "Black Eclipse Gloves"
  },
  {
    "ID": 4302,
    "Name": "Skykeeper Gloves"
  },
  {
    "ID": 4303,
    "Name": "Star Seeker Gloves"
  },
  {
    "ID": 4304,
    "Name": "Rock Your Body Gloves"
  },
  {
    "ID": 4305,
    "Name": "School of Rock Gloves"
  },
  {
    "ID": 4306,
    "Name": "Angelic Demon Gloves"
  },
  {
    "ID": 4307,
    "Name": "Spooky Scarecrow Gloves"
  },
  {
    "ID": 4308,
    "Name": "Cute Eater Gloves"
  },
  {
    "ID": 4309,
    "Name": "Comfy Buns Gloves"
  },
  {
    "ID": 4310,
    "Name": "Cozy Sweethearts Gloves"
  },
  {
    "ID": 4311,
    "Name": "Icy Dance Gloves"
  },
  {
    "ID": 4312,
    "Name": "Trendy Winter Gloves"
  },
  {
    "ID": 4313,
    "Name": "Goto Asian Gloves"
  },
  {
    "ID": 4314,
    "Name": "Chosen Gloves"
  },
  {
    "ID": 4315,
    "Name": "Fantasy Heroine Drama Gloves"
  },
  {
    "ID": 4316,
    "Name": "Jam On It Gloves"
  },
  {
    "ID": 4317,
    "Name": "Ethereal Deceiver Gloves"
  },
  {
    "ID": 4318,
    "Name": "Sailor School Gloves"
  },
  {
    "ID": 4319,
    "Name": "Sleeping Cloud Gloves"
  },
  {
    "ID": 4320,
    "Name": "Crimson Revel Gloves"
  },
  {
    "ID": 4321,
    "Name": "Huntereed Gloves"
  },
  {
    "ID": 5000,
    "Name": ""
  },
  {
    "ID": 5001,
    "Name": "Chivalrous Iron Gauntlets"
  },
  {
    "ID": 5002,
    "Name": "Chivalrous Trunket Gloves"
  },
  {
    "ID": 5003,
    "Name": "Chivalrous Chrome Gauntlets"
  },
  {
    "ID": 5004,
    "Name": "Chivalrous Mighty Gauntlets"
  },
  {
    "ID": 5011,
    "Name": "Chivalrous Kurash Gauntlets"
  },
  {
    "ID": 5012,
    "Name": "Chivalrous Plate Gauntlets"
  },
  {
    "ID": 5013,
    "Name": "Chivalrous Righteous Plate Gauntlets"
  },
  {
    "ID": 5014,
    "Name": "Chivalrous Jabberwock Gauntlets"
  },
  {
    "ID": 5015,
    "Name": "Chivalrous Obsidian Plate Gauntlets"
  },
  {
    "ID": 5016,
    "Name": "Chivalrous Aurum Plate Gauntlets"
  },
  {
    "ID": 5017,
    "Name": "Chivalrous Legionnaire Guantlets"
  },
  {
    "ID": 5018,
    "Name": "Chivalrous Royal Guardian Gauntlets"
  },
  {
    "ID": 5021,
    "Name": "Chivalrous Kurash Gauntlets"
  },
  {
    "ID": 5022,
    "Name": "Chivalrous Plate Gauntlets"
  },
  {
    "ID": 5023,
    "Name": "Chivalrous Righteous Plate Gauntlets"
  },
  {
    "ID": 5024,
    "Name": "Chivalrous Jabberwock Gauntlets"
  },
  {
    "ID": 5025,
    "Name": "Chivalrous Obsidian Plate Gauntlets"
  },
  {
    "ID": 5031,
    "Name": "Chivalrous Green Gloves of Witch"
  },
  {
    "ID": 5032,
    "Name": "Chivalrous Purple Gloves of Witch"
  },
  {
    "ID": 5033,
    "Name": "Chivalrous Violet Gloves"
  },
  {
    "ID": 5034,
    "Name": "Chivalrous Gloves of Shadow"
  },
  {
    "ID": 5041,
    "Name": "Chivalrous Velvet Gloves of Witch"
  },
  {
    "ID": 5042,
    "Name": "Chivalrous Heaven's Gloves"
  },
  {
    "ID": 5043,
    "Name": "Chivalrous Archmage Gloves"
  },
  {
    "ID": 5044,
    "Name": "Chivalrous Dimple Gloves"
  },
  {
    "ID": 5045,
    "Name": "Chivalrous Royal Sage Gloves"
  },
  {
    "ID": 5046,
    "Name": "Chivalrous Orlean Gloves"
  },
  {
    "ID": 5047,
    "Name": "Chivalrous Spitfire Wraps"
  },
  {
    "ID": 5048,
    "Name": "Chivalrous Sun Prophet Gloves"
  },
  {
    "ID": 5051,
    "Name": "Chivalrous Velvet Gloves of Witch"
  },
  {
    "ID": 5052,
    "Name": "Chivalrous Heaven's Gloves"
  },
  {
    "ID": 5053,
    "Name": "Chivalrous Archmage Gloves"
  },
  {
    "ID": 5054,
    "Name": "Chivalrous Dimple Gloves"
  },
  {
    "ID": 5055,
    "Name": "Chivalrous Royal Sage Gloves"
  },
  {
    "ID": 5061,
    "Name": "Chivalrous Criker Gloves"
  },
  {
    "ID": 5062,
    "Name": "Chivalrous Ranger Gloves"
  },
  {
    "ID": 5063,
    "Name": "Chivalrous Black Pirate Gloves"
  },
  {
    "ID": 5064,
    "Name": "Chivalrous Mariner's Gloves"
  },
  {
    "ID": 5071,
    "Name": "Chivalrous Jaguar Gloves"
  },
  {
    "ID": 5072,
    "Name": "Chivalrous Wild Hawker Gloves"
  },
  {
    "ID": 5073,
    "Name": "Chivalrous Netherworld Gloves"
  },
  {
    "ID": 5074,
    "Name": "Chivalrous Steel Resolve Gloves"
  },
  {
    "ID": 5075,
    "Name": "Chivalrous Shadow Fall Wraps"
  },
  {
    "ID": 5076,
    "Name": "Chivalrous Raptor Gloves"
  },
  {
    "ID": 5077,
    "Name": "Chivalrous Spinosaur Gloves"
  },
  {
    "ID": 5078,
    "Name": "Chivalrous Jackal Bandit Gloves"
  },
  {
    "ID": 5081,
    "Name": "Chivalrous Jaguar Gloves"
  },
  {
    "ID": 5082,
    "Name": "Chivalrous Wild Hawker Gloves"
  },
  {
    "ID": 5083,
    "Name": "Chivalrous Netherworld Gloves"
  },
  {
    "ID": 5084,
    "Name": "Chivalrous Steel Resolve Gloves"
  },
  {
    "ID": 5085,
    "Name": "Chivalrous Shadow Fall Wraps"
  },
  {
    "ID": 5091,
    "Name": "Chivalrous Vibe Gloves"
  },
  {
    "ID": 5092,
    "Name": "Chivalrous Tamiya Gloves"
  },
  {
    "ID": 5093,
    "Name": "Chivalrous Semiya Gloves"
  },
  {
    "ID": 5094,
    "Name": "Chivalrous Merchant Gloves"
  },
  {
    "ID": 5101,
    "Name": "Chivalrous Rich Merchant Gloves"
  },
  {
    "ID": 5102,
    "Name": "Chivalrous Redfield Chairman Gloves"
  },
  {
    "ID": 5103,
    "Name": "Chivalrous Noble Lord Gloves"
  },
  {
    "ID": 5104,
    "Name": "Chivalrous Mana Steam Gloves"
  },
  {
    "ID": 5105,
    "Name": "Chivalrous Mana Fusion Gloves"
  },
  {
    "ID": 5106,
    "Name": "Chivalrous Mercenary Gloves"
  },
  {
    "ID": 5107,
    "Name": "Chivalrous Assailant Gloves"
  },
  {
    "ID": 5108,
    "Name": "Chivalrous Serpent Trader Gloves"
  },
  {
    "ID": 5111,
    "Name": "Chivalrous Rich Merchant Gloves"
  },
  {
    "ID": 5112,
    "Name": "Chivalrous Redfield Chairman Gloves"
  },
  {
    "ID": 5113,
    "Name": "Chivalrous Noble Lord Gloves"
  },
  {
    "ID": 5114,
    "Name": "Chivalrous Mana Steam Gloves"
  },
  {
    "ID": 5115,
    "Name": "Chivalrous Mana Fusion Gloves"
  },
  {
    "ID": 5200,
    "Name": ""
  },
  {
    "ID": 5201,
    "Name": "Glorious Iron Gauntlets"
  },
  {
    "ID": 5202,
    "Name": "Glorious Trunket Gloves"
  },
  {
    "ID": 5203,
    "Name": "Glorious Chrome Gauntlets"
  },
  {
    "ID": 5204,
    "Name": "Glorious Mighty Gauntlets"
  },
  {
    "ID": 5211,
    "Name": "Glorious Kurash Gauntlets"
  },
  {
    "ID": 5212,
    "Name": "Glorious Plate Gauntlets"
  },
  {
    "ID": 5213,
    "Name": "Glorious Righteous Plate Gauntlets"
  },
  {
    "ID": 5214,
    "Name": "Glorious Jabberwock Gauntlets"
  },
  {
    "ID": 5215,
    "Name": "Glorious Obsidian Plate Gauntlets"
  },
  {
    "ID": 5216,
    "Name": "Glorious Aurum Plate Gauntlets"
  },
  {
    "ID": 5217,
    "Name": "Glorious Legionnaire Guantlets"
  },
  {
    "ID": 5218,
    "Name": "Glorious Royal Guardian Gauntlets"
  },
  {
    "ID": 5221,
    "Name": "Glorious Kurash Gauntlets"
  },
  {
    "ID": 5222,
    "Name": "Glorious Plate Gauntlets"
  },
  {
    "ID": 5223,
    "Name": "Glorious Righteous Plate Gauntlets"
  },
  {
    "ID": 5224,
    "Name": "Glorious Jabberwock Gauntlets"
  },
  {
    "ID": 5225,
    "Name": "Glorious Obsidian Plate Gauntlets"
  },
  {
    "ID": 5231,
    "Name": "Glorious Green Gloves of Witch"
  },
  {
    "ID": 5232,
    "Name": "Glorious Purple Gloves of Witch"
  },
  {
    "ID": 5233,
    "Name": "Glorious Violet Gloves"
  },
  {
    "ID": 5234,
    "Name": "Glorious Gloves of Shadow"
  },
  {
    "ID": 5241,
    "Name": "Glorious Velvet Gloves of Witch"
  },
  {
    "ID": 5242,
    "Name": "Glorious Heaven's Gloves"
  },
  {
    "ID": 5243,
    "Name": "Glorious Archmage Gloves"
  },
  {
    "ID": 5244,
    "Name": "Glorious Dimple Gloves"
  },
  {
    "ID": 5245,
    "Name": "Glorious Royal Sage Gloves"
  },
  {
    "ID": 5246,
    "Name": "Glorious Orlean Gloves"
  },
  {
    "ID": 5247,
    "Name": "Glorious Spitfire Wraps"
  },
  {
    "ID": 5248,
    "Name": "Glorious Sun Prophet Gloves"
  },
  {
    "ID": 5251,
    "Name": "Glorious Velvet Gloves of Witch"
  },
  {
    "ID": 5252,
    "Name": "Glorious Heaven's Gloves"
  },
  {
    "ID": 5253,
    "Name": "Glorious Archmage Gloves"
  },
  {
    "ID": 5254,
    "Name": "Glorious Dimple Gloves"
  },
  {
    "ID": 5255,
    "Name": "Glorious Royal Sage Gloves"
  },
  {
    "ID": 5261,
    "Name": "Glorious Criker Gloves"
  },
  {
    "ID": 5262,
    "Name": "Glorious Ranger Gloves"
  },
  {
    "ID": 5263,
    "Name": "Glorious Black Pirate Gloves"
  },
  {
    "ID": 5264,
    "Name": "Glorious Mariner's Gloves"
  },
  {
    "ID": 5271,
    "Name": "Glorious Jaguar Gloves"
  },
  {
    "ID": 5272,
    "Name": "Glorious Wild Hawker Gloves"
  },
  {
    "ID": 5273,
    "Name": "Glorious Netherworld Gloves"
  },
  {
    "ID": 5274,
    "Name": "Glorious Steel Resolve Gloves"
  },
  {
    "ID": 5275,
    "Name": "Glorious Shadow Fall Wraps"
  },
  {
    "ID": 5276,
    "Name": "Glorious Raptor Gloves"
  },
  {
    "ID": 5277,
    "Name": "Glorious Spinosaur Gloves"
  },
  {
    "ID": 5278,
    "Name": "Glorious Jackal Bandit Gloves"
  },
  {
    "ID": 5281,
    "Name": "Glorious Jaguar Gloves"
  },
  {
    "ID": 5282,
    "Name": "Glorious Wild Hawker Gloves"
  },
  {
    "ID": 5283,
    "Name": "Glorious Netherworld Gloves"
  },
  {
    "ID": 5284,
    "Name": "Glorious Steel Resolve Gloves"
  },
  {
    "ID": 5285,
    "Name": "Glorious Shadow Fall Wraps"
  },
  {
    "ID": 5291,
    "Name": "Glorious Vibe Gloves"
  },
  {
    "ID": 5292,
    "Name": "Glorious Tamiya Gloves"
  },
  {
    "ID": 5293,
    "Name": "Glorious Semiya Gloves"
  },
  {
    "ID": 5294,
    "Name": "Glorious Merchant Gloves"
  },
  {
    "ID": 5301,
    "Name": "Glorious Rich Merchant Gloves"
  },
  {
    "ID": 5302,
    "Name": "Glorious Redfield Chairman Gloves"
  },
  {
    "ID": 5303,
    "Name": "Glorious Noble Lord Gloves"
  },
  {
    "ID": 5304,
    "Name": "Glorious Mana Steam Gloves"
  },
  {
    "ID": 5305,
    "Name": "Glorious Mana Fusion Gloves"
  },
  {
    "ID": 5306,
    "Name": "Glorious Mercenary Gloves"
  },
  {
    "ID": 5307,
    "Name": "Glorious Assailant Gloves"
  },
  {
    "ID": 5308,
    "Name": "Glorious Serpent Trader Gloves"
  },
  {
    "ID": 5311,
    "Name": "Glorious Rich Merchant Gloves"
  },
  {
    "ID": 5312,
    "Name": "Glorious Redfield Chairman Gloves"
  },
  {
    "ID": 5313,
    "Name": "Glorious Noble Lord Gloves"
  },
  {
    "ID": 5314,
    "Name": "Glorious Mana Steam Gloves"
  },
  {
    "ID": 5315,
    "Name": "Glorious Mana Fusion Gloves"
  },
  {
    "ID": 5400,
    "Name": ""
  },
  {
    "ID": 5401,
    "Name": "Precious Iron Gauntlets"
  },
  {
    "ID": 5402,
    "Name": "Precious Trunket Gloves"
  },
  {
    "ID": 5403,
    "Name": "Precious Chrome Gauntlets"
  },
  {
    "ID": 5404,
    "Name": "Precious Mighty Gauntlets"
  },
  {
    "ID": 5411,
    "Name": "Precious Kurash Gauntlets"
  },
  {
    "ID": 5412,
    "Name": "Precious Plate Gauntlets"
  },
  {
    "ID": 5413,
    "Name": "Precious Righteous Plate Gauntlets"
  },
  {
    "ID": 5414,
    "Name": "Precious Jabberwock Gauntlets"
  },
  {
    "ID": 5415,
    "Name": "Precious Obsidian Plate Gauntlets"
  },
  {
    "ID": 5416,
    "Name": "Precious Aurum Plate Gauntlets"
  },
  {
    "ID": 5417,
    "Name": "Precious Legionnaire Guantlets"
  },
  {
    "ID": 5418,
    "Name": "Precious Royal Guardian Gauntlets"
  },
  {
    "ID": 5421,
    "Name": "Precious Kurash Gauntlets"
  },
  {
    "ID": 5422,
    "Name": "Precious Plate Gauntlets"
  },
  {
    "ID": 5423,
    "Name": "Precious Righteous Plate Gauntlets"
  },
  {
    "ID": 5424,
    "Name": "Precious Jabberwock Gauntlets"
  },
  {
    "ID": 5425,
    "Name": "Precious Obsidian Plate Gauntlets"
  },
  {
    "ID": 5431,
    "Name": "Precious Green Gloves of Witch"
  },
  {
    "ID": 5432,
    "Name": "Precious Purple Gloves of Witch"
  },
  {
    "ID": 5433,
    "Name": "Precious Violet Gloves"
  },
  {
    "ID": 5434,
    "Name": "Precious Gloves of Shadow"
  },
  {
    "ID": 5441,
    "Name": "Precious Velvet Gloves of Witch"
  },
  {
    "ID": 5442,
    "Name": "Precious Heaven's Gloves"
  },
  {
    "ID": 5443,
    "Name": "Precious Archmage Gloves"
  },
  {
    "ID": 5444,
    "Name": "Precious Dimple Gloves"
  },
  {
    "ID": 5445,
    "Name": "Precious Royal Sage Gloves"
  },
  {
    "ID": 5446,
    "Name": "Precious Orlean Gloves"
  },
  {
    "ID": 5447,
    "Name": "Precious Spitfire Wraps"
  },
  {
    "ID": 5448,
    "Name": "Precious Sun Prophet Gloves"
  },
  {
    "ID": 5451,
    "Name": "Precious Velvet Gloves of Witch"
  },
  {
    "ID": 5452,
    "Name": "Precious Heaven's Gloves"
  },
  {
    "ID": 5453,
    "Name": "Precious Archmage Gloves"
  },
  {
    "ID": 5454,
    "Name": "Precious Dimple Gloves"
  },
  {
    "ID": 5455,
    "Name": "Precious Royal Sage Gloves"
  },
  {
    "ID": 5461,
    "Name": "Precious Criker Gloves"
  },
  {
    "ID": 5462,
    "Name": "Precious Ranger Gloves"
  },
  {
    "ID": 5463,
    "Name": "Precious Black Pirate Gloves"
  },
  {
    "ID": 5464,
    "Name": "Precious Mariner's Gloves"
  },
  {
    "ID": 5471,
    "Name": "Precious Jaguar Gloves"
  },
  {
    "ID": 5472,
    "Name": "Precious Wild Hawker Gloves"
  },
  {
    "ID": 5473,
    "Name": "Precious Netherworld Gloves"
  },
  {
    "ID": 5474,
    "Name": "Precious Steel Resolve Gloves"
  },
  {
    "ID": 5475,
    "Name": "Precious Shadow Fall Wraps"
  },
  {
    "ID": 5476,
    "Name": "Precious Raptor Gloves"
  },
  {
    "ID": 5477,
    "Name": "Precious Spinosaur Gloves"
  },
  {
    "ID": 5478,
    "Name": "Precious Jackal Bandit Gloves"
  },
  {
    "ID": 5481,
    "Name": "Precious Jaguar Gloves"
  },
  {
    "ID": 5482,
    "Name": "Precious Wild Hawker Gloves"
  },
  {
    "ID": 5483,
    "Name": "Precious Netherworld Gloves"
  },
  {
    "ID": 5484,
    "Name": "Precious Steel Resolve Gloves"
  },
  {
    "ID": 5485,
    "Name": "Precious Shadow Fall Wraps"
  },
  {
    "ID": 5491,
    "Name": "Precious Vibe Gloves"
  },
  {
    "ID": 5492,
    "Name": "Precious Tamiya Gloves"
  },
  {
    "ID": 5493,
    "Name": "Precious Semiya Gloves"
  },
  {
    "ID": 5494,
    "Name": "Precious Merchant Gloves"
  },
  {
    "ID": 5501,
    "Name": "Precious Rich Merchant Gloves"
  },
  {
    "ID": 5502,
    "Name": "Precious Redfield Chairman Gloves"
  },
  {
    "ID": 5503,
    "Name": "Precious Noble Lord Gloves"
  },
  {
    "ID": 5504,
    "Name": "Precious Mana Steam Gloves"
  },
  {
    "ID": 5505,
    "Name": "Precious Mana Fusion Gloves"
  },
  {
    "ID": 5506,
    "Name": "Precious Mercenary Gloves"
  },
  {
    "ID": 5507,
    "Name": "Precious Assailant Gloves"
  },
  {
    "ID": 5508,
    "Name": "Precious Serpent Trader Gloves"
  },
  {
    "ID": 5511,
    "Name": "Precious Rich Merchant Gloves"
  },
  {
    "ID": 5512,
    "Name": "Precious Redfield Chairman Gloves"
  },
  {
    "ID": 5513,
    "Name": "Precious Noble Lord Gloves"
  },
  {
    "ID": 5514,
    "Name": "Precious Mana Steam Gloves"
  },
  {
    "ID": 5515,
    "Name": "Precious Mana Fusion Gloves"
  },
  {
    "ID": 5600,
    "Name": ""
  },
  {
    "ID": 5601,
    "Name": "Luminous Iron Gauntlets"
  },
  {
    "ID": 5602,
    "Name": "Luminous Trunket Gloves"
  },
  {
    "ID": 5603,
    "Name": "Luminous Chrome Gauntlets"
  },
  {
    "ID": 5604,
    "Name": "Luminous Mighty Gauntlets"
  },
  {
    "ID": 5611,
    "Name": "Luminous Kurash Gauntlets"
  },
  {
    "ID": 5612,
    "Name": "Luminous Plate Gauntlets"
  },
  {
    "ID": 5613,
    "Name": "Luminous Righteous Plate Gauntlets"
  },
  {
    "ID": 5614,
    "Name": "Luminous Jabberwock Gauntlets"
  },
  {
    "ID": 5615,
    "Name": "Luminous Obsidian Plate Gauntlets"
  },
  {
    "ID": 5616,
    "Name": "Luminous Aurum Plate Gauntlets"
  },
  {
    "ID": 5617,
    "Name": "Luminous Legionnaire Guantlets"
  },
  {
    "ID": 5618,
    "Name": "Luminous Royal Guardian Gauntlets"
  },
  {
    "ID": 5621,
    "Name": "Luminous Kurash Gauntlets"
  },
  {
    "ID": 5622,
    "Name": "Luminous Plate Gauntlets"
  },
  {
    "ID": 5623,
    "Name": "Luminous Righteous Plate Gauntlets"
  },
  {
    "ID": 5624,
    "Name": "Luminous Jabberwock Gauntlets"
  },
  {
    "ID": 5625,
    "Name": "Luminous Obsidian Plate Gauntlets"
  },
  {
    "ID": 5631,
    "Name": "Luminous Green Gloves of Witch"
  },
  {
    "ID": 5632,
    "Name": "Luminous Purple Gloves of Witch"
  },
  {
    "ID": 5633,
    "Name": "Luminous Violet Gloves"
  },
  {
    "ID": 5634,
    "Name": "Luminous Gloves of Shadow"
  },
  {
    "ID": 5641,
    "Name": "Luminous Velvet Gloves of Witch"
  },
  {
    "ID": 5642,
    "Name": "Luminous Heaven's Gloves"
  },
  {
    "ID": 5643,
    "Name": "Luminous Archmage Gloves"
  },
  {
    "ID": 5644,
    "Name": "Luminous Dimple Gloves"
  },
  {
    "ID": 5645,
    "Name": "Luminous Royal Sage Gloves"
  },
  {
    "ID": 5646,
    "Name": "Luminous Orlean Gloves"
  },
  {
    "ID": 5647,
    "Name": "Luminous Spitfire Wraps"
  },
  {
    "ID": 5648,
    "Name": "Luminous Sun Prophet Gloves"
  },
  {
    "ID": 5651,
    "Name": "Luminous Velvet Gloves of Witch"
  },
  {
    "ID": 5652,
    "Name": "Luminous Heaven's Gloves"
  },
  {
    "ID": 5653,
    "Name": "Luminous Archmage Gloves"
  },
  {
    "ID": 5654,
    "Name": "Luminous Dimple Gloves"
  },
  {
    "ID": 5655,
    "Name": "Luminous Royal Sage Gloves"
  },
  {
    "ID": 5661,
    "Name": "Luminous Criker Gloves"
  },
  {
    "ID": 5662,
    "Name": "Luminous Ranger Gloves"
  },
  {
    "ID": 5663,
    "Name": "Luminous Black Pirate Gloves"
  },
  {
    "ID": 5664,
    "Name": "Luminous Mariner's Gloves"
  },
  {
    "ID": 5671,
    "Name": "Luminous Jaguar Gloves"
  },
  {
    "ID": 5672,
    "Name": "Luminous Wild Hawker Gloves"
  },
  {
    "ID": 5673,
    "Name": "Luminous Netherworld Gloves"
  },
  {
    "ID": 5674,
    "Name": "Luminous Steel Resolve Gloves"
  },
  {
    "ID": 5675,
    "Name": "Luminous Shadow Fall Wraps"
  },
  {
    "ID": 5676,
    "Name": "Luminous Raptor Gloves"
  },
  {
    "ID": 5677,
    "Name": "Luminous Spinosaur Gloves"
  },
  {
    "ID": 5678,
    "Name": "Luminous Jackal Bandit Gloves"
  },
  {
    "ID": 5681,
    "Name": "Luminous Jaguar Gloves"
  },
  {
    "ID": 5682,
    "Name": "Luminous Wild Hawker Gloves"
  },
  {
    "ID": 5683,
    "Name": "Luminous Netherworld Gloves"
  },
  {
    "ID": 5684,
    "Name": "Luminous Steel Resolve Gloves"
  },
  {
    "ID": 5685,
    "Name": "Luminous Shadow Fall Wraps"
  },
  {
    "ID": 5691,
    "Name": "Luminous Vibe Gloves"
  },
  {
    "ID": 5692,
    "Name": "Luminous Tamiya Gloves"
  },
  {
    "ID": 5693,
    "Name": "Luminous Semiya Gloves"
  },
  {
    "ID": 5694,
    "Name": "Luminous Merchant Gloves"
  },
  {
    "ID": 5701,
    "Name": "Luminous Rich Merchant Gloves"
  },
  {
    "ID": 5702,
    "Name": "Luminous Redfield Chairman Gloves"
  },
  {
    "ID": 5703,
    "Name": "Luminous Noble Lord Gloves"
  },
  {
    "ID": 5704,
    "Name": "Luminous Mana Steam Gloves"
  },
  {
    "ID": 5705,
    "Name": "Luminous Mana Fusion Gloves"
  },
  {
    "ID": 5706,
    "Name": "Luminous Mercenary Gloves"
  },
  {
    "ID": 5707,
    "Name": "Luminous Assailant Gloves"
  },
  {
    "ID": 5708,
    "Name": "Luminous Serpent Trader Gloves"
  },
  {
    "ID": 5711,
    "Name": "Luminous Rich Merchant Gloves"
  },
  {
    "ID": 5712,
    "Name": "Luminous Redfield Chairman Gloves"
  },
  {
    "ID": 5713,
    "Name": "Luminous Noble Lord Gloves"
  },
  {
    "ID": 5714,
    "Name": "Luminous Mana Steam Gloves"
  },
  {
    "ID": 5715,
    "Name": "Luminous Mana Fusion Gloves"
  },
  {
    "ID": 6001,
    "Name": "Courage Iron Gauntlets"
  },
  {
    "ID": 6002,
    "Name": "Courage Trunket Gloves"
  },
  {
    "ID": 6003,
    "Name": "Courage Chrome Gauntlets"
  },
  {
    "ID": 6004,
    "Name": "Courage Mighty Gauntlets"
  },
  {
    "ID": 6005,
    "Name": "Courage Kurash Gauntlets"
  },
  {
    "ID": 6006,
    "Name": "Courage Plate Gauntlets"
  },
  {
    "ID": 6007,
    "Name": "Courage Righteous Plate Gauntlets"
  },
  {
    "ID": 6008,
    "Name": "Courage Jabberwock Gauntlets"
  },
  {
    "ID": 6009,
    "Name": "Courage Obsidian Plate Gauntlets"
  },
  {
    "ID": 6010,
    "Name": "Courage Aurum Plate Gauntlets"
  },
  {
    "ID": 6011,
    "Name": "Courage Legionnaire Guantlets"
  },
  {
    "ID": 6012,
    "Name": "Courage Royal Guardian Gauntlets"
  },
  {
    "ID": 6021,
    "Name": "Courage Green Gloves of Witch"
  },
  {
    "ID": 6022,
    "Name": "Courage Purple Gloves of Witch"
  },
  {
    "ID": 6023,
    "Name": "Courage Violet Gloves"
  },
  {
    "ID": 6024,
    "Name": "Courage Gloves of Shadow"
  },
  {
    "ID": 6025,
    "Name": "Courage Velvet Gloves of Witch"
  },
  {
    "ID": 6026,
    "Name": "Courage Heaven's Gloves"
  },
  {
    "ID": 6027,
    "Name": "Courage Archmage Gloves"
  },
  {
    "ID": 6028,
    "Name": "Courage Dimple Gloves"
  },
  {
    "ID": 6029,
    "Name": "Courage Royal Sage Gloves"
  },
  {
    "ID": 6030,
    "Name": "Courage Orlean Gloves"
  },
  {
    "ID": 6031,
    "Name": "Courage Spitfire Wraps"
  },
  {
    "ID": 6032,
    "Name": "Courage Sun Prophet Gloves"
  },
  {
    "ID": 6041,
    "Name": "Courage Criker Gloves"
  },
  {
    "ID": 6042,
    "Name": "Courage Ranger Gloves"
  },
  {
    "ID": 6043,
    "Name": "Courage Black Pirate Gloves"
  },
  {
    "ID": 6044,
    "Name": "Courage Mariner's Gloves"
  },
  {
    "ID": 6045,
    "Name": "Courage Jaguar Gloves"
  },
  {
    "ID": 6046,
    "Name": "Courage Wild Hawker Gloves"
  },
  {
    "ID": 6047,
    "Name": "Courage Netherworld Gloves"
  },
  {
    "ID": 6048,
    "Name": "Courage Steel Resolve Gloves"
  },
  {
    "ID": 6049,
    "Name": "Courage Shadow Fall Wraps"
  },
  {
    "ID": 6050,
    "Name": "Courage Raptor Gloves"
  },
  {
    "ID": 6051,
    "Name": "Courage Spinosaur Gloves"
  },
  {
    "ID": 6052,
    "Name": "Courage Jackal Bandit Gloves"
  },
  {
    "ID": 6061,
    "Name": "Courage Vibe Gloves"
  },
  {
    "ID": 6062,
    "Name": "Courage Tamiya Gloves"
  },
  {
    "ID": 6063,
    "Name": "Courage Semiya Gloves"
  },
  {
    "ID": 6064,
    "Name": "Courage Merchant Gloves"
  },
  {
    "ID": 6065,
    "Name": "Courage Rich Merchant Gloves"
  },
  {
    "ID": 6066,
    "Name": "Courage Redfield Chairman Gloves"
  },
  {
    "ID": 6067,
    "Name": "Courage Noble Lord Gloves"
  },
  {
    "ID": 6068,
    "Name": "Courage Mana Steam Gloves"
  },
  {
    "ID": 6069,
    "Name": "Courage Mana Fusion Gloves"
  },
  {
    "ID": 6070,
    "Name": "Courage Mercenary Gloves"
  },
  {
    "ID": 6071,
    "Name": "Courage Assailant Gloves"
  },
  {
    "ID": 6072,
    "Name": "Courage Serpent Trader Gloves"
  },
  {
    "ID": 6081,
    "Name": "Brave Iron Gauntlets"
  },
  {
    "ID": 6082,
    "Name": "Brave Trunket Gloves"
  },
  {
    "ID": 6083,
    "Name": "Brave Chrome Gauntlets"
  },
  {
    "ID": 6084,
    "Name": "Brave Mighty Gauntlets"
  },
  {
    "ID": 6085,
    "Name": "Brave Kurash Gauntlets"
  },
  {
    "ID": 6086,
    "Name": "Brave Plate Gauntlets"
  },
  {
    "ID": 6087,
    "Name": "Brave Righteous Plate Gauntlets"
  },
  {
    "ID": 6088,
    "Name": "Brave Jabberwock Gauntlets"
  },
  {
    "ID": 6089,
    "Name": "Brave Obsidian Plate Gauntlets"
  },
  {
    "ID": 6090,
    "Name": "Brave Aurum Plate Gauntlets"
  },
  {
    "ID": 6091,
    "Name": "Brave Legionnaire Guantlets"
  },
  {
    "ID": 6092,
    "Name": "Brave Royal Guardian Gauntlets"
  },
  {
    "ID": 6101,
    "Name": "Brave Green Gloves of Witch"
  },
  {
    "ID": 6102,
    "Name": "Brave Purple Gloves of Witch"
  },
  {
    "ID": 6103,
    "Name": "Brave Violet Gloves"
  },
  {
    "ID": 6104,
    "Name": "Brave Gloves of Shadow"
  },
  {
    "ID": 6105,
    "Name": "Brave Velvet Gloves of Witch"
  },
  {
    "ID": 6106,
    "Name": "Brave Heaven's Gloves"
  },
  {
    "ID": 6107,
    "Name": "Brave Archmage Gloves"
  },
  {
    "ID": 6108,
    "Name": "Brave Dimple Gloves"
  },
  {
    "ID": 6109,
    "Name": "Brave Royal Sage Gloves"
  },
  {
    "ID": 6110,
    "Name": "Brave Orlean Gloves"
  },
  {
    "ID": 6111,
    "Name": "Brave Spitfire Wraps"
  },
  {
    "ID": 6112,
    "Name": "Brave Sun Prophet Gloves"
  },
  {
    "ID": 6121,
    "Name": "Brave Criker Gloves"
  },
  {
    "ID": 6122,
    "Name": "Brave Ranger Gloves"
  },
  {
    "ID": 6123,
    "Name": "Brave Black Pirate Gloves"
  },
  {
    "ID": 6124,
    "Name": "Brave Mariner's Gloves"
  },
  {
    "ID": 6125,
    "Name": "Brave Jaguar Gloves"
  },
  {
    "ID": 6126,
    "Name": "Brave Wild Hawker Gloves"
  },
  {
    "ID": 6127,
    "Name": "Brave Netherworld Gloves"
  },
  {
    "ID": 6128,
    "Name": "Brave Steel Resolve Gloves"
  },
  {
    "ID": 6129,
    "Name": "Brave Shadow Fall Wraps"
  },
  {
    "ID": 6130,
    "Name": "Brave Raptor Gloves"
  },
  {
    "ID": 6131,
    "Name": "Brave Spinosaur Gloves"
  },
  {
    "ID": 6132,
    "Name": "Brave Jackal Bandit Gloves"
  },
  {
    "ID": 6141,
    "Name": "Brave Vibe Gloves"
  },
  {
    "ID": 6142,
    "Name": "Brave Tamiya Gloves"
  },
  {
    "ID": 6143,
    "Name": "Brave Semiya Gloves"
  },
  {
    "ID": 6144,
    "Name": "Brave Merchant Gloves"
  },
  {
    "ID": 6145,
    "Name": "Brave Rich Merchant Gloves"
  },
  {
    "ID": 6146,
    "Name": "Brave Redfield Chairman Gloves"
  },
  {
    "ID": 6147,
    "Name": "Brave Noble Lord Gloves"
  },
  {
    "ID": 6148,
    "Name": "Brave Mana Steam Gloves"
  },
  {
    "ID": 6149,
    "Name": "Brave Mana Fusion Gloves"
  },
  {
    "ID": 6150,
    "Name": "Brave Mercenary Gloves"
  },
  {
    "ID": 6151,
    "Name": "Brave Assailant Gloves"
  },
  {
    "ID": 6152,
    "Name": "Brave Serpent Trader Gloves"
  }
]
