[
  {
    "ID": 1,
    "Name": "Wooden Shield"
  },
  {
    "ID": 2,
    "Name": "Tarz"
  },
  {
    "ID": 3,
    "Name": "Round Shield"
  },
  {
    "ID": 4,
    "Name": "Buckler"
  },
  {
    "ID": 5,
    "Name": "Aspis"
  },
  {
    "ID": 6,
    "Name": "Hoplon"
  },
  {
    "ID": 7,
    "Name": "Kite Shield"
  },
  {
    "ID": 8,
    "Name": "Tower Shield"
  },
  {
    "ID": 9,
    "Name": "Mythril Shield"
  },
  {
    "ID": 10,
    "Name": "Plate Shield"
  },
  {
    "ID": 11,
    "Name": "Orc Shield"
  },
  {
    "ID": 12,
    "Name": "Blood Shield"
  },
  {
    "ID": 13,
    "Name": "Righteous Shield"
  },
  {
    "ID": 14,
    "Name": "Mighty Shield"
  },
  {
    "ID": 15,
    "Name": "Zephyr Defender"
  },
  {
    "ID": 16,
    "Name": "Silver Hearts Shield"
  },
  {
    "ID": 17,
    "Name": "Vivor Shield"
  },
  {
    "ID": 18,
    "Name": "Jabberwock Shield"
  },
  {
    "ID": 19,
    "Name": "Aurum Plate Shield"
  },
  {
    "ID": 20,
    "Name": "Shimmering Shield"
  },
  {
    "ID": 22,
    "Name": "공란"
  },
  {
    "ID": 23,
    "Name": "공란"
  },
  {
    "ID": 24,
    "Name": "공란"
  },
  {
    "ID": 25,
    "Name": "공란"
  },
  {
    "ID": 26,
    "Name": "공란"
  },
  {
    "ID": 27,
    "Name": "공란"
  },
  {
    "ID": 28,
    "Name": "공란"
  },
  {
    "ID": 29,
    "Name": "공란"
  },
  {
    "ID": 31,
    "Name": "Jelly Bean Doll"
  },
  {
    "ID": 32,
    "Name": "Choropy Doll"
  },
  {
    "ID": 33,
    "Name": "Pumpkin Doll"
  },
  {
    "ID": 34,
    "Name": "HoneyBee Doll"
  },
  {
    "ID": 35,
    "Name": "Surfboard"
  },
  {
    "ID": 36,
    "Name": "Bunny Doll"
  },
  {
    "ID": 37,
    "Name": "Snowboard"
  },
  {
    "ID": 38,
    "Name": "Moldie Snowboard"
  },
  {
    "ID": 39,
    "Name": "Easter Basket"
  },
  {
    "ID": 40,
    "Name": "Pumpkin Pail"
  },
  {
    "ID": 41,
    "Name": "Golden Jelly Award"
  },
  {
    "ID": 42,
    "Name": "Vizier's Scepter"
  },
  {
    "ID": 43,
    "Name": "Lifeguard Buoy"
  },
  {
    "ID": 44,
    "Name": "Festive Candy Cane"
  },
  {
    "ID": 45,
    "Name": "Snowman Toy"
  },
  {
    "ID": 46,
    "Name": "Wishing Star"
  },
  {
    "ID": 47,
    "Name": "Jingle Bell"
  },
  {
    "ID": 48,
    "Name": "Heart Shield"
  },
  {
    "ID": 61,
    "Name": "Book of Standards"
  },
  {
    "ID": 62,
    "Name": "Oriental Drum"
  },
  {
    "ID": 63,
    "Name": "Book of Concentration"
  },
  {
    "ID": 64,
    "Name": "Book of Charm"
  },
  {
    "ID": 65,
    "Name": "Mythical Flute"
  },
  {
    "ID": 66,
    "Name": "Elven Anthology"
  },
  {
    "ID": 67,
    "Name": "Basic Encyclopedia"
  },
  {
    "ID": 68,
    "Name": "Magic Mirror"
  },
  {
    "ID": 69,
    "Name": "Shadow Mirror"
  },
  {
    "ID": 70,
    "Name": "Mana Stone"
  },
  {
    "ID": 71,
    "Name": "Rune Stone"
  },
  {
    "ID": 72,
    "Name": "Cubic Scepter"
  },
  {
    "ID": 73,
    "Name": "Holy Scepter"
  },
  {
    "ID": 74,
    "Name": "Meteoric Scepter"
  },
  {
    "ID": 75,
    "Name": "Elven Harp"
  },
  {
    "ID": 76,
    "Name": "Mr.Pop"
  },
  {
    "ID": 77,
    "Name": "Mystic Tree Leaf"
  },
  {
    "ID": 78,
    "Name": "Eye of Storm"
  },
  {
    "ID": 79,
    "Name": "Orb of Rage"
  },
  {
    "ID": 80,
    "Name": "Orb of Abyss"
  },
  {
    "ID": 81,
    "Name": "Cornell's Diary"
  },
  {
    "ID": 82,
    "Name": "Magic Pearl"
  },
  {
    "ID": 83,
    "Name": "Prophet Sceptre"
  },
  {
    "ID": 86,
    "Name": "공란"
  },
  {
    "ID": 87,
    "Name": "공란"
  },
  {
    "ID": 88,
    "Name": "공란"
  },
  {
    "ID": 89,
    "Name": "공란"
  },
  {
    "ID": 90,
    "Name": "공란"
  },
  {
    "ID": 91,
    "Name": "Surfboard"
  },
  {
    "ID": 92,
    "Name": "The Big Hand"
  },
  {
    "ID": 93,
    "Name": "Asper Charm"
  },
  {
    "ID": 94,
    "Name": "The Golden Dagger"
  },
  {
    "ID": 101,
    "Name": "Ocean Breeze Fan"
  },
  {
    "ID": 102,
    "Name": "Noble Koi Fan"
  },
  {
    "ID": 103,
    "Name": "Hopping Grasshopper Fan"
  },
  {
    "ID": 104,
    "Name": "Gliding Dragonfly Fan"
  },
  {
    "ID": 105,
    "Name": "Daring Rabbit Fan"
  },
  {
    "ID": 106,
    "Name": "Falling Leaf Fan"
  },
  {
    "ID": 107,
    "Name": "Paintbrush"
  },
  {
    "ID": 108,
    "Name": "Crayon"
  },
  {
    "ID": 109,
    "Name": "Pen"
  },
  {
    "ID": 110,
    "Name": "Pencil"
  },
  {
    "ID": 111,
    "Name": "Ruler"
  },
  {
    "ID": 112,
    "Name": "Scissors"
  },
  {
    "ID": 113,
    "Name": "Pitchfork"
  },
  {
    "ID": 114,
    "Name": "Wildflower"
  },
  {
    "ID": 115,
    "Name": "Ankh"
  },
  {
    "ID": 116,
    "Name": "Vampire Amulet"
  },
  {
    "ID": 117,
    "Name": "Meatbone"
  },
  {
    "ID": 118,
    "Name": "Wicked Wand"
  },
  {
    "ID": 119,
    "Name": "Severed Limb"
  },
  {
    "ID": 120,
    "Name": "ROSE Pennant"
  },
  {
    "ID": 121,
    "Name": "Junon Order Pennant"
  },
  {
    "ID": 122,
    "Name": "Arumic Pennant"
  },
  {
    "ID": 123,
    "Name": "Righteous Crusader Pennant"
  },
  {
    "ID": 124,
    "Name": "Ferrell Guild Pennant"
  },
  {
    "ID": 125,
    "Name": "Fairy Dust"
  },
  {
    "ID": 126,
    "Name": "Tea Cup"
  },
  {
    "ID": 127,
    "Name": "Basket of Cookies"
  },
  {
    "ID": 128,
    "Name": "Red Apple"
  },
  {
    "ID": 129,
    "Name": "Long Stem Rose"
  },
  {
    "ID": 161,
    "Name": "경비병창"
  },
  {
    "ID": 301,
    "Name": "나뭇잎방패"
  },
  {
    "ID": 302,
    "Name": "여우방패"
  },
  {
    "ID": 303,
    "Name": "쇠방패"
  },
  {
    "ID": 304,
    "Name": "타일런트가더방패"
  },
  {
    "ID": 305,
    "Name": "몹_티르윈방패"
  },
  {
    "ID": 601,
    "Name": "601"
  },
  {
    "ID": 602,
    "Name": "602"
  },
  {
    "ID": 1000,
    "Name": "1000"
  },
  {
    "ID": 1001,
    "Name": "1001"
  },
  {
    "ID": 1002,
    "Name": "1002"
  },
  {
    "ID": 1003,
    "Name": "1003"
  },
  {
    "ID": 1004,
    "Name": "1004"
  },
  {
    "ID": 1005,
    "Name": "1005"
  },
  {
    "ID": 1006,
    "Name": "1006"
  },
  {
    "ID": 1007,
    "Name": "1007"
  },
  {
    "ID": 1008,
    "Name": "Item Mall Cute"
  },
  {
    "ID": 1009,
    "Name": "Item Mall Cute"
  },
  {
    "ID": 1010,
    "Name": "Item Mall Cute"
  },
  {
    "ID": 1011,
    "Name": "Item Mall Cute"
  },
  {
    "ID": 1012,
    "Name": "Item Mall Cute"
  },
  {
    "ID": 1013,
    "Name": "Item Mall Cute"
  },
  {
    "ID": 1014,
    "Name": "Item Mall Cute"
  },
  {
    "ID": 1015,
    "Name": "Item Mall Cute"
  },
  {
    "ID": 1016,
    "Name": "Item Mall Cute"
  },
  {
    "ID": 1017,
    "Name": "Item Mall Cute"
  },
  {
    "ID": 1018,
    "Name": "Item Mall Cute"
  },
  {
    "ID": 1019,
    "Name": "Item Mall Cute"
  },
  {
    "ID": 1020,
    "Name": "Item Mall Cute"
  },
  {
    "ID": 1030,
    "Name": "Item Mall Shield"
  },
  {
    "ID": 1031,
    "Name": "Item Mall Shield"
  },
  {
    "ID": 1032,
    "Name": "Item Mall Shield"
  },
  {
    "ID": 1033,
    "Name": "Item Mall Shield"
  },
  {
    "ID": 1034,
    "Name": "Item Mall Shield"
  },
  {
    "ID": 1035,
    "Name": "Item Mall Shield"
  },
  {
    "ID": 1036,
    "Name": "Item Mall Shield"
  },
  {
    "ID": 1037,
    "Name": "Item Mall Shield"
  },
  {
    "ID": 1038,
    "Name": "Item Mall Shield"
  },
  {
    "ID": 1039,
    "Name": "Item Mall Shield"
  },
  {
    "ID": 1040,
    "Name": "1040"
  },
  {
    "ID": 1041,
    "Name": "Item Mall Shield"
  },
  {
    "ID": 1042,
    "Name": "Item Mall Shield"
  },
  {
    "ID": 1043,
    "Name": "Item Mall Shield"
  },
  {
    "ID": 1044,
    "Name": "Item Mall Shield"
  },
  {
    "ID": 1045,
    "Name": "Item Mall Shield"
  },
  {
    "ID": 1046,
    "Name": "Item Mall Shield"
  },
  {
    "ID": 1047,
    "Name": "1047"
  },
  {
    "ID": 1048,
    "Name": "Item Mall Shield"
  },
  {
    "ID": 1049,
    "Name": "Item Mall Shield"
  },
  {
    "ID": 1060,
    "Name": "Item Mall Magic Support"
  },
  {
    "ID": 1061,
    "Name": "Item Mall Magic Support"
  },
  {
    "ID": 1062,
    "Name": "Item Mall Magic Support"
  },
  {
    "ID": 1063,
    "Name": "Item Mall Magic Support"
  },
  {
    "ID": 1064,
    "Name": "Item Mall Magic Support"
  },
  {
    "ID": 1065,
    "Name": "Item Mall Magic Support"
  },
  {
    "ID": 1066,
    "Name": "Item Mall Magic Support"
  },
  {
    "ID": 1067,
    "Name": "Item Mall Magic Support"
  },
  {
    "ID": 1068,
    "Name": "Item Mall Magic Support"
  },
  {
    "ID": 1069,
    "Name": "Item Mall Magic Support"
  },
  {
    "ID": 1070,
    "Name": "1070"
  },
  {
    "ID": 1071,
    "Name": "Item Mall Magic Support"
  },
  {
    "ID": 1072,
    "Name": "Item Mall Magic Support"
  },
  {
    "ID": 1073,
    "Name": "Item Mall Magic Support"
  },
  {
    "ID": 1074,
    "Name": "Item Mall Magic Support"
  },
  {
    "ID": 1075,
    "Name": "Item Mall Magic Support"
  },
  {
    "ID": 1076,
    "Name": "Item Mall Magic Support"
  },
  {
    "ID": 1077,
    "Name": "Item Mall Magic Support"
  },
  {
    "ID": 1078,
    "Name": "Item Mall Magic Support"
  },
  {
    "ID": 1079,
    "Name": "Item Mall Magic Support"
  },
  {
    "ID": 1100,
    "Name": "Black Pirate Hook"
  },
  {
    "ID": 1101,
    "Name": "Gold Pirate Hook"
  },
  {
    "ID": 1102,
    "Name": "Gray Pirate Hook"
  },
  {
    "ID": 1103,
    "Name": "Green Pirate Hook"
  },
  {
    "ID": 1104,
    "Name": "Purple Pirate Hook"
  },
  {
    "ID": 1320,
    "Name": "2012 Yearbook"
  },
  {
    "ID": 1321,
    "Name": "2012 Luau Ukelele"
  },
  {
    "ID": 1900,
    "Name": "Halls of Oblivion Item Teir 1"
  },
  {
    "ID": 1901,
    "Name": "Halls of Oblivion Item Teir 1"
  },
  {
    "ID": 1902,
    "Name": "Halls of Oblivion Item Teir 1"
  },
  {
    "ID": 1903,
    "Name": "Halls of Oblivion Item Teir 1"
  },
  {
    "ID": 1904,
    "Name": "Halls of Oblivion Item Teir 2"
  },
  {
    "ID": 1905,
    "Name": "Halls of Oblivion Item Teir 2"
  },
  {
    "ID": 1906,
    "Name": "Halls of Oblivion Item Teir 2"
  },
  {
    "ID": 1907,
    "Name": "Halls of Oblivion Item Teir 2"
  },
  {
    "ID": 2000,
    "Name": "TEST FOR ARTISTS"
  },
  {
    "ID": 2001,
    "Name": "TEST FOR ARTISTS"
  },
  {
    "ID": 2022,
    "Name": "공란"
  },
  {
    "ID": 2023,
    "Name": "공란"
  },
  {
    "ID": 2024,
    "Name": "공란"
  },
  {
    "ID": 2025,
    "Name": "공란"
  },
  {
    "ID": 2026,
    "Name": "공란"
  },
  {
    "ID": 2027,
    "Name": "공란"
  },
  {
    "ID": 2028,
    "Name": "공란"
  },
  {
    "ID": 2029,
    "Name": "공란"
  },
  {
    "ID": 2030,
    "Name": "공란"
  },
  {
    "ID": 2086,
    "Name": "공란"
  },
  {
    "ID": 2087,
    "Name": "공란"
  },
  {
    "ID": 2088,
    "Name": "공란"
  },
  {
    "ID": 2089,
    "Name": "공란"
  },
  {
    "ID": 2090,
    "Name": "공란"
  },
  {
    "ID": 2161,
    "Name": "경비병창"
  },
  {
    "ID": 2301,
    "Name": "나뭇잎방패"
  },
  {
    "ID": 2302,
    "Name": "여우방패"
  },
  {
    "ID": 2303,
    "Name": "쇠방패"
  },
  {
    "ID": 2304,
    "Name": "타일런트가더방패"
  },
  {
    "ID": 2305,
    "Name": "몹_티르윈방패"
  },
  {
    "ID": 3018,
    "Name": "클리페스"
  },
  {
    "ID": 3019,
    "Name": "스큐툼"
  },
  {
    "ID": 3022,
    "Name": "공란"
  },
  {
    "ID": 3023,
    "Name": "공란"
  },
  {
    "ID": 3024,
    "Name": "공란"
  },
  {
    "ID": 3025,
    "Name": "공란"
  },
  {
    "ID": 3026,
    "Name": "공란"
  },
  {
    "ID": 3027,
    "Name": "공란"
  },
  {
    "ID": 3028,
    "Name": "공란"
  },
  {
    "ID": 3029,
    "Name": "공란"
  },
  {
    "ID": 3030,
    "Name": "공란"
  },
  {
    "ID": 3036,
    "Name": "미스터 소근소근"
  },
  {
    "ID": 3086,
    "Name": "공란"
  },
  {
    "ID": 3087,
    "Name": "공란"
  },
  {
    "ID": 3088,
    "Name": "공란"
  },
  {
    "ID": 3089,
    "Name": "공란"
  },
  {
    "ID": 3090,
    "Name": "공란"
  },
  {
    "ID": 3161,
    "Name": "경비병창"
  },
  {
    "ID": 3301,
    "Name": "나뭇잎방패"
  },
  {
    "ID": 3302,
    "Name": "여우방패"
  },
  {
    "ID": 3303,
    "Name": "쇠방패"
  },
  {
    "ID": 3304,
    "Name": "타일런트가더방패"
  },
  {
    "ID": 3305,
    "Name": "몹_티르윈방패"
  },
  {
    "ID": 4500,
    "Name": "Item Mall Costume"
  },
  {
    "ID": 4501,
    "Name": "Shield"
  },
  {
    "ID": 4502,
    "Name": "Magic tool"
  },
  {
    "ID": 4503,
    "Name": "Dark Oblivion Set"
  }
]
